text,genre,difficulty,predictability,emotional_valence,concreteness,tone,topic_hint
"In a structural health monitoring trial on a pedestrian bridge, engineers bonded foil strain gauges near midspan, bolted tri-axial accelerometers to the handrail posts, and routed signals through a 24-bit data logger with anti-alias filters set just below the Nyquist frequency. After calibrating the Wheatstone bridges and correcting temperature drift, they estimated mode shapes and damping ratios using operational modal analysis, treating foot traffic as broadband excitation and applying a stochastic subspace identification algorithm. The workflow looked straightforward: collect peaks in the power spectral density, fit a state-space model, and track shifts over weeks. Yet the most diagnostic change appeared when the bridge was empty at night, because reduced human-induced variability exposed a subtle resonance split caused by a loosened connection that daytime data had masked.",expository,high,low,neutral,concrete,plain,engineering
"In science club, Lina planned a short talk about boiling. She thought it always meant “very hot,” so she wrote notes about high temperature and steam. Her teacher asked her to add one more idea: pressure. Lina changed her plan and explained that boiling happens when a liquid’s vapor pressure matches the outside pressure. During the demo, a small piece of ice sat under a clear jar while air was pumped out. Lina expected nothing until it warmed, but the ice began to boil even though it was still cold. She paused, then finished her talk by linking the surprise to particles escaping more easily when the pressure drops. The group left with a simple rule that felt new: boiling is not the same as heating.",narrative,low,low,positive,abstract,plain,physical_sciences
"When I first learned how chromatin remodeling and transcription-factor networks cooperate to stabilize cell identity, I assumed precision was the hero. Yet systems-level models of lineage commitment treat stochastic gene expression as a measurable input, not a nuisance. In the Waddington landscape metaphor, small fluctuations can keep a population sampling nearby attractor basins, allowing rapid recovery after perturbation while still preserving overall fate. This looks like biochemical indecision, but in bacterial persistence, immune repertoire diversification, and stem-cell niche dynamics, controlled variability functions as bet-hedging against uncertain environments. I find it encouraging that robustness can arise from regulated randomness, because it suggests new therapies might shift probability distributions rather than force a single deterministic state. Single-cell RNA sequencing makes this visible, and it hints that epigenetic marks act less like locks and more like tuned springs.",expository,high,low,positive,abstract,reflective,life_sciences
"On Tuesday evening, Mira carried her laptop to the quiet lab and tried to finish a small program that counted steps from phone sensor data. The numbers looked wrong, always too high, so she reread each line and added print statements to see what changed. The code seemed fine, but the graph still jumped at the same spots. She noticed the jumps happened whenever she walked past the building’s old elevator, so she saved a short clip of raw values and compared it with the time stamps. The surprise was not a bug at all: the sensor clock drifted by a few milliseconds when the phone lost Wi‑Fi, and her script treated missing samples as extra steps. She wrote a simple fix and remembered to question the data, not only the code.",narrative,low,low,neutral,concrete,reflective,computing
"Mina sat in the lab at 2 a.m., watching flame graphs pulse on her monitor as the new service missed its 50 ms latency target. She pulled the latest build from the repository, pinned the process to a single NUMA node, and reran the benchmark with hardware counters enabled. The profile showed lock contention around a shared LRU cache, so she replaced the mutex with a sharded map and a per-core ring buffer, then added a batcher to reduce allocator churn. After updating the unit tests and a QuickCheck-style property test for eviction invariants, she pushed the change and waited for CI. The next run held steady under load, p99 dropped to 31 ms, and the dashboard stayed green through the canary rollout.",narrative,high,high,positive,concrete,plain,computing
"Living things work because cells follow instructions and share signals. DNA is the main instruction set. It is built from four bases that form genes. A gene can be copied into RNA, and many RNAs help make proteins. Proteins do most cell jobs, such as building structures, moving materials, and speeding up reactions. Cells also use chemical messages to coordinate. A signal molecule can bind to a receptor on a cell, like a key fitting a lock. This starts a chain of changes inside the cell, often turning genes on or off. In this way, cells respond to food, stress, or nearby cells. When the message stops, the cell returns to its earlier state, which helps keep the body balanced.",expository,low,high,neutral,abstract,plain,life_sciences
"Mara closed her notebook after deriving the effective Hamiltonian for a two level defect coupled to a phonon bath, and she reread the assumptions as if they were a checklist for honesty. She had treated the coupling as weak, invoked the rotating wave approximation, and used a Markovian master equation to justify an exponential decay of coherence. The algebra was clean, and the predicted linewidth matched the order of magnitude implied by a simple fluctuation dissipation estimate, but only within the narrow temperature window where the Bose occupation stayed small. When she compared the model to the full spectral density extracted from earlier data, she saw that the high frequency tail would invalidate the coarse graining at longer times. She wrote a note to rerun the calculation with a non-Markovian kernel, because that was the next consistent step.",narrative,high,high,neutral,abstract,reflective,physical_sciences
"In our engineering lab, I learned that good design often looks ordinary until you test it. We built a small bridge from balsa wood, using a simple truss pattern and white glue. Before cutting pieces, we measured spans, marked angles with a protractor, and talked about how triangles spread forces. After the glue dried, we placed the bridge on two supports and added weights one at a time. The bridge bent a little, then held steady as the load increased, just as our calculations suggested. When it finally cracked, the break showed where our joints were weak, not where the wood was thick. Seeing that made me appreciate careful planning, because small choices in shape and connections clearly change how a structure carries weight.",expository,low,high,positive,concrete,reflective,engineering
"In the sputtering lab, the chamber gauge refused to fall below 6×10⁻⁶ torr even after an hour of pumping, and the zirconium film came out mottled. At this pressure the mean free path is only tens of meters, so a small increase in residual water or argon backstreaming can broaden the energy distribution of arriving atoms and promote porous growth. The team checked flange torque, sprayed isopropanol on suspected joints, and watched the ion gauge current, but the pressure rise after isolation looked like a real leak. The non-obvious culprit was a virtual leak: a blind screw hole behind the target that had trapped humid air and slowly bled it out. Drilling a tiny vent hole and baking the chamber fixed the limit, but only after losing a day of runs.",expository,high,low,negative,concrete,plain,physical_sciences
"Mina thought engineering was mostly about finding the right formula, so she kept adding more parts to her design whenever a test failed. The small robot arm met every requirement on paper, yet the software logs showed random errors, and the safety checks stopped it at the worst times. Each new patch made the plan harder to understand, and her team began to miss simple mistakes because there were too many rules to track. In her notebook she wrote about tradeoffs, but she still felt stuck, like the project was shrinking instead of growing. After a long review, the mentor asked her to remove a feature, not add one. Strangely, the failures dropped, because the simpler system had fewer ways to go wrong.",narrative,low,low,negative,abstract,reflective,engineering
"Mina spent the afternoon iterating on the controller for a lightweight robotic arm, but each revision of the state feedback gains pushed the closed-loop poles toward the imaginary axis. The simulation looked stable until she injected modeled latency, and then the phase margin collapsed and the Lyapunov candidate no longer decreased. She tried augmenting the estimator with a Kalman filter tuned for higher process noise, yet the residuals remained biased, suggesting an unmodeled compliance term in the dynamics. With the design review approaching, she considered running a quick finite element update, but the mesh refinement required more time than the schedule allowed. In the end she documented the instability, recommended derating the speed requirement, and accepted that the prototype could not be signed off this week.",narrative,high,high,negative,abstract,plain,engineering
"In our basic optics lab, I tried to measure how much light a window delivers at different times of day using a small light sensor and a ruler taped to the sill. The plan was simple: record the sensor number every hour and compare morning and afternoon. By noon, the readings were messy. A cloud would pass, a bus would cast a shadow, and the sensor would jump even when I held it still. I also noticed the plastic cover on the sensor had fingerprints, which dimmed the light a little. When I graphed the data, the line that should have risen smoothly looked like a saw blade. The physics of sunlight is steady, but my setup was not, and that mismatch kept bothering me.",expository,low,high,negative,concrete,reflective,physical_sciences
"Maya checked the incubator and felt her stomach drop. The Petri dishes she had streaked yesterday were not covered with the smooth bacterial lawn her lab sheet showed. Instead, each plate had clear round spots, like someone had pressed tiny coins into the agar. She reread her notes, washed the bench again, and blamed herself for leaving the lid open too long. Her instructor asked her to hold one plate up to the light and count the spots. They were evenly spaced and had sharp edges, which is not what most dust or mold looks like. The instructor explained that these were plaques made by bacteriophages, viruses that infect bacteria and leave empty circles behind. Maya still had to redo the experiment, but the strange pattern suddenly made sense.",narrative,low,low,negative,concrete,plain,life_sciences
"I used to think the hardest part of building reliable distributed software was choosing the right consensus algorithm, but my recent failures suggest the real adversary is epistemic: we cannot even agree on what the system did. In theory, linearizability and happens-before graphs let you reason about event order, yet production traces are partial, clocks drift, and sampling turns causal structure into a probabilistic guess. When an outage occurs, every postmortem becomes an exercise in reconstructing an unobserved execution from noisy logs, and each added metric increases overhead that can shift scheduling enough to hide the bug. The unsettling lesson is that more observability can reduce certainty, because the act of measuring creates a different run than the one you needed to understand.",expository,high,low,negative,abstract,reflective,computing
"In computing, speed is often limited by waiting, not by pure calculation. When a program asks a remote service for data, most of the time can be spent on delays that are hard to predict. One way to handle this is redundancy: the system can send the same request to two places and use the first answer that comes back. This sounds like extra work, but it can smooth out rare slow responses that would otherwise hold everything up. Engineers sometimes study the “tail” of response times, because a few long waits can dominate the average experience. With careful limits, adding a small amount of duplicated effort can make overall performance feel faster and more stable, even though the system is doing more total requests.",expository,low,low,positive,abstract,plain,computing
"I often think about how light can change without anyone touching it. Sunlight looks white, but it is a mix of many colors. When that light moves through a gas, tiny molecules jiggle and reroute some of the light in new directions. Shorter waves, like blue, are redirected more easily than longer waves, so the scattered light can seem bluer while the direct beam becomes slightly redder. This idea also helps explain why distant mountains can look faded. The surprising part is that the same basic rule, scattering, can make a glass of milk look white even though milk is not a gas. In milk, small bits of fat and protein act as scatterers for many colors at once, so the mix returns.",expository,low,low,neutral,abstract,reflective,physical_sciences
"In the optics lab, the team aligned a diode laser through a vacuum cell and used saturated absorption spectroscopy to resolve the hyperfine lines of rubidium. A lock-in amplifier demodulated the photodiode signal, reducing 1/f noise so the dispersive error signal could hold the laser on resonance with a PID loop. With the laser stabilized, they recorded time series of frequency corrections and computed the Allan deviation to quantify short-term stability, then updated the uncertainty budget to include residual Doppler broadening, power broadening, and magnetic field gradients from nearby coils. The improved linewidth made it straightforward to fit Lorentzian profiles and extract transition frequencies consistent with published values. That agreement supports using the setup as a reliable frequency reference for upcoming interferometry measurements.",expository,high,high,positive,concrete,plain,physical_sciences
"At first I thought my program was almost finished, because it ran without crashing. Then my teacher asked me to explain why it gave the wrong answer on some tests. I stared at the logic and saw how I had trusted one assumption: that every input would arrive in order. That was not true, and my shortcut made the whole result shaky. The more I patched it, the more new cases appeared, and the deadline kept getting closer. I felt my attention slipping from the goal to the fear of being exposed as careless. In the end I stopped adding fixes and wrote down what the program should guarantee, step by step. Tomorrow I will rewrite the core function and ask a classmate to review it.",narrative,low,high,negative,abstract,reflective,computing
"By midnight the tissue-culture room smelled faintly of ethanol, and I watched my qPCR amplification curves refuse to rise above baseline. I had plated the macrophages carefully, timed the LPS stimulation, and extracted RNA with a kit I could run blindfolded, yet the A260/230 ratios were low and the melt curves hinted at primer dimers. When I loaded the cDNA on a gel, the ladder was crisp but my lanes were a blur, as if the samples had been chewed up before they ever reached the wells. I replayed each step and kept returning to the same small mistake: I had topped off a buffer bottle without checking the lot, inviting RNase contamination. I labeled everything, discarded the batch, and accepted that tomorrow would start with new cells.",narrative,high,high,negative,concrete,reflective,life_sciences
"Mina stayed after school to fix her small wooden bridge for the engineering fair. The bridge kept sagging when she hung washers from the middle. She expected to solve it by gluing on more sticks, but her teacher asked her to try something odd first: cut two long slots in the side beams and then glue thin strips along the top and bottom edges. Mina worried she was ruining it, yet she followed the plan with a ruler, a craft knife, and clamps. The next day she tested it again. The bridge felt lighter in her hands, and it held more washers before bending. She learned that material near the top and bottom can matter more than material in the middle, so careful shaping can beat simple bulk.",narrative,low,low,positive,concrete,plain,engineering
"Mei loaded dissociated zebrafish forebrain cells onto a microfluidic droplet chip, watching the pressure gauges while the lysis buffer and barcoded beads met in a thin junction. After the run, she prepared the cDNA, trimmed adapters, and mapped reads to the reference genome, then clustered profiles in a UMAP that suggested a tiny, odd population expressing both oligodendrocyte markers and immediate early genes. Instead of writing it up as a new transient state, she decided to repeat the prep with antibody hashing and a stricter doublet filter, even though it meant another long day at the centrifuge and thermocycler. The second dataset retained the major neuronal and glial clusters, but the strange population vanished, revealing it had been barcode-collided doublets, not biology.",narrative,high,low,neutral,concrete,plain,life_sciences
"Mina used to think biology was just a list of terms to memorize. In her first lab, her teacher asked the class to predict how cells might react when conditions change. Mina did not have fancy tools, only simple notes and careful thinking. She sketched a model in her notebook: if a cell needs balance, it should adjust what moves in and out. During the lesson, she compared her model with what the textbook described, and the match was close. The idea that a tiny cell can follow clear rules made the topic feel less random. Later, when she studied heredity, she looked for the same kind of pattern, and it helped again. By the end of the week, she expected to learn by building explanations, not by guessing.",narrative,low,high,positive,abstract,reflective,life_sciences
"When optimizing a web service, engineers often start with a concrete measurement loop rather than guesses. A typical setup places the service on a small cluster of machines in a rack, drives it with a load generator, and records latency histograms alongside CPU performance counters, kernel scheduler traces, and database slow-query logs. If tail latency rises, a flame graph can localize time to mutex contention in a thread pool, cache misses in a serialization routine, or blocking I/O waiting on a socket buffer. The fix is then validated by repeating the same workload and comparing percentiles, not just average response time. This method also checks for regressions by pinning compiler flags, container images, and configuration files, so the observed change can be attributed to code rather than environment drift.",expository,high,high,neutral,concrete,plain,computing
"During her capstone review, Maya realized her controller design looked elegant only because she had ignored uncertainty. The plant model assumed linear dynamics and perfectly known parameters, yet the test logs showed drift consistent with unmodeled friction and sensor bias. She spent the afternoon rewriting the problem as a constrained optimization, adding bounds on disturbance and explicitly penalizing control effort to avoid actuator saturation. In the process she traded a sharp rise time for a larger phase margin, and she chose a robust H-infinity formulation over the nominal LQR she had planned to present. While she adjusted the weighting functions, she kept thinking about how engineering arguments are really arguments about assumptions. By the next meeting, the simulations converged and the design met the stated stability criteria with documented margins.",narrative,high,high,neutral,abstract,reflective,engineering
"The outage began as a simple spike in API latency, but the traces showed requests stalling inside the TLS layer rather than in application code. On the Linux hosts, strace revealed repeated reads from /dev/random, and perf counters confirmed threads blocked in getrandom() while handshakes waited for entropy. The data center was quiet: no disks churning, few keyboard interrupts, and a new batch of virtual machines had been provisioned with minimal device passthrough, so there were fewer unpredictable events to feed the kernel’s entropy pool. Packet captures looked normal, yet connection setup times stretched into seconds, causing load balancers to mark healthy instances as failed and to amplify retries. The fix was not more CPU or bandwidth but enabling a hardware RNG and switching to a nonblocking entropy source for most cryptographic operations.",expository,high,low,negative,concrete,plain,computing
"In our metatranscriptomics workflow for nasal microbiome studies, we start by placing freshly collected swabs into guanidinium-based lysis buffer, then bead-beat them with 0.1 mm zirconia beads, extract RNA on a silica column, deplete rRNA with probe capture, and prepare stranded libraries for paired-end sequencing. Quality control involves Bioanalyzer traces, ERCC spike-ins, and mapping reads to both host and microbial reference databases to separate inflammation signatures from commensal activity. The gratifying part is watching replicate samples converge after normalization with compositional methods and gene-length correction. Yet the most actionable variable turned out not to be read depth or platform, but the swab itself: flocked nylon released cells efficiently but also shed polymer-associated inhibitors, while rayon gave lower yield yet cleaner enzymatic kinetics, shifting apparent pathway expression more than a twofold change in sequencing depth.",expository,high,low,positive,concrete,plain,life_sciences
"In an ultrahigh-vacuum lab, pressure readings often look worse right after you do the “clean” thing. A stainless steel chamber pumped by a turbomolecular stage and backed by a scroll pump may sit near 1e-7 mbar, then jump upward when technicians start a 150 to 200 °C bake with heater tapes and foil wrap. The ion gauge rises because adsorbed water and hydrocarbons desorb from weld seams, viewports, and Viton-free flanges, shifting the outgassing flux and changing the residual gas analyzer spectrum from mostly nitrogen to strong mass-18 and mass-28 peaks. As the bake continues, diffusion from the bulk decreases, sticking coefficients fall, and surfaces re-equilibrate. By the end, the same hot chamber can reach lower pressure than it ever did when cold.",expository,high,low,neutral,concrete,plain,physical_sciences
"While tuning a key-value service on a 32-core server, I expected the bottleneck to be raw instruction throughput, so I stared at flame graphs and AVX counters. The surprise came from the concrete traces: L3 misses and cross-socket cache-line bouncing dominated, because a single global hash table forced frequent coherence traffic. Switching to per-core shards, pinning threads, and batching network reads reduced lock contention and smoothed tail latency, and it felt like watching a noisy oscilloscope settle into a clean waveform. The most counterintuitive result was that a seemingly heavier data structure, a cache-aligned Robin Hood table with extra metadata, raised overall throughput, since fewer random probes cut memory stalls. The lesson stayed with me: on real machines, locality can beat big-O.",expository,high,low,positive,concrete,reflective,computing
"In the optics lab I rechecked a thermal radiometry setup by viewing a heated aluminum plate through a germanium window and fitting the measured radiance to a Planck curve with a wavelength-dependent emissivity term. The procedure felt routine: calibrate with a blackbody cavity, correct for window transmission, then propagate uncertainties from detector noise and temperature gradients. What caught my attention was how strongly surface geometry mattered. When I lightly crumpled a sheet of aluminum foil and taped it over part of the plate, the apparent emissivity rose enough that the fit became more stable, even though the material was the same. Multiple internal reflections in the tiny folds effectively increased absorptivity, consistent with Kirchhoff’s law, and the data finally matched the heat-flow model without extra ad hoc parameters.",expository,high,low,positive,concrete,reflective,physical_sciences
"When I process low-biomass skin swabs for 16S rRNA sequencing, the workflow feels mechanical: bead-beating in screw-cap tubes, silica-column extraction, Qubit checks, then indexed PCR in a hood that smells faintly of ethanol. Yet the data remind me that biology is entangled with the bench. In sparse samples, a few picograms of bacterial DNA from water, spin columns, or even aerosolized amplicons can compete with the true signal, shifting apparent taxa after normalization and rarefaction. Mapping reads to ASVs and inspecting Bray–Curtis distances often shows tight clustering by extraction batch rather than by subject. The most useful “organism” in the run can be the negative control, because its community profile predicts which samples are dominated by contamination.",expository,high,low,neutral,concrete,reflective,life_sciences
"In robust engineering design, uncertainty is treated as a first class parameter rather than a nuisance, so models are built around bounded disturbances, parametric drift, and unmodeled dynamics. Techniques such as H-infinity synthesis and structured singular value analysis formalize the trade between performance and worst case stability, often yielding controllers that appear conservative when judged by nominal simulations. Yet the same framework can be combined with probabilistic notions like chance constraints and Bayesian state estimation to produce systems that are both safe and efficient across wide operating envelopes. A useful consequence is that verification can shift from single point testing to certifying invariants over sets, which scales better for complex cyber-physical plants. Somewhat counterintuitively, deliberately injecting small, known excitation into an actuator can improve long term accuracy, because richer input spectra make parameters identifiable and estimators less biased.",expository,high,low,positive,abstract,plain,engineering
"In a small engineering lab, a student can test how a metal beam bends by placing it on two supports and adding weights in the middle. A ruler or dial gauge shows how far the beam deflects, and a simple strain gauge sticker can measure tiny stretching on the surface. By repeating the test with different loads, the student can make a graph where the points form a straight line, showing that bending grows in a regular way when the material stays elastic. The setup looks like it is all about weight, but another factor quietly matters. If the room warms up by a few degrees, the strain gauge output can drift even with no load, so temperature control can matter more than adding another weight.",expository,low,low,neutral,concrete,plain,engineering
"In systems biology, researchers often infer gene regulatory networks by fitting sparse graphical models to transcriptomic data, assuming that more samples will stabilize edges and improve mechanistic insight. Yet high-dimensional biology violates many of the model’s quiet assumptions: measurement noise is heteroscedastic, latent cell states introduce unobserved common causes, and regulatory effects are nonlinear and context dependent. When these factors are ignored, regularization can select a deceptively clean network that is statistically consistent with confounded correlations rather than causal control. This becomes especially problematic after batch correction, where aggressive harmonization can erase biologically meaningful variance while preserving shared technical artifacts. The result is a network that looks more reproducible across datasets but yields poorer perturbation predictions in vivo, so additional data can make the inferred mechanism less useful.",expository,high,low,negative,abstract,plain,life_sciences
"In the basement lab, Mira aligned the HeNe laser through a Michelson interferometer and watched the fringe counter stutter as the vacuum pump rattled. She was trying to extract the thermal expansion coefficient of an aluminum rod by fitting phase shifts to a linear model, but the residuals curled into a stubborn sinusoid. After re-leveling the optical table, cleaning the beam splitter, and logging the thermistor with a four-wire readout, the drift only worsened, and the fit uncertainty ballooned past the spec. When she finally mapped the temperature with a second probe, she found a gradient of only 0.2 K, too small to explain the oscillation. The culprit was the pump itself: its periodic pressure ripple changed air’s refractive index enough to mimic micrometer motion, so the “bad data” was a measurement of the lab’s breathing.",narrative,high,low,negative,concrete,plain,physical_sciences
"During inspection of a small wind-turbine test rig, repeated cracks appeared at the toe of a fillet weld on the steel nacelle frame despite finite-element predictions showing acceptable von Mises stress. Strain gauges near the weld recorded short spikes up to 2.5 times the steady load whenever the controller switched between grid-following and braking, and accelerometers showed a torsional mode at 38 Hz that the model had filtered out as “numerical noise.” Dye penetrant revealed that the crack initiated at a grinder mark left during rework, and the local notch sensitivity made the spikes decisive. The discouraging part was that average wind speed was irrelevant; most fatigue damage accumulated during calm periods when the machine repeatedly started and stopped, so reducing peak power would not have prevented the failure.",expository,high,low,negative,concrete,plain,engineering
"Mira rewrote her data pipeline for the third time, convinced the drift in her torsion balance was a software artifact rather than a force. She fit the angle time series with a stochastic differential equation, whitened the residuals, and computed the power spectral density, expecting the low-frequency excess to vanish. Instead, the spectrum flattened into an exact kBT term, the same Johnson-Nyquist floor that her own model had treated as negligible. The more she improved the estimator, the closer the inferred signal approached zero, and the tighter the confidence interval became around that null. It was a clean statistical outcome but a bitter one: the apparatus was behaving ideally, and ideal behavior meant her sought-after deviation from Newtonian gravity was excluded, not revealed, unless she could change the thermodynamic boundary conditions she did not control.",narrative,high,low,negative,abstract,plain,physical_sciences
"Mira refactored a lock-free queue to satisfy a linearizability proof obligation, and her model checker stopped finding counterexamples after she added a new memory fence. To validate the change, she reran a suite of concurrent benchmarks and saw the throughput drop, which suggested the fence was costly. She then replaced the benchmarks’ wall-clock timing with a monotonic logical clock derived from the same atomic counter used for dequeues, so that measurements were consistent under CPU frequency scaling. The throughput drop largely vanished, even though the fence remained, because the original timing method had been biased by cross-core clock skew and scheduler migrations. The code change improved the proof, but the observed regression was mostly an artifact of measurement, not behavior.",narrative,high,low,neutral,abstract,plain,computing
"On the factory floor, a new conveyor belt kept stopping every hour. The motor ran hot, and a burnt smell rose near the control box. An inspection of the gears showed nothing broken, so the next step was to measure the motor current. A clamp meter showed a sharp spike each time the belt started. The wiring and breaker were normal, but the drive pulley was coated with fine dust from cut plastic. That dust made the belt slip, so the controller tried to correct by pushing the motor harder, which drove the temperature up. Cleaning the pulley and adding a simple cover reduced the stops, but the cause was not what most people expected. A strong air jet meant to keep the line clean had actually blown dust toward the pulley.",expository,low,low,negative,concrete,plain,engineering
"In engineering design, I often return to the tension between elegant models and messy reality, especially in feedback control. A state space representation can make a plant look fully knowable, yet parametric uncertainty, unmodeled dynamics, and sensor noise quietly reshape the closed-loop response. Robust methods formalize this by asking not whether the nominal system is stable, but whether stability and performance persist across a bounded set of perturbations, often summarized through gain and phase margins, H-infinity norms, or structured singular values. The logic is straightforward: a controller that optimizes a single model may be fragile, whereas one that sacrifices some nominal optimality can guarantee acceptable behavior for many plausible plants. In practice, that trade becomes the central design criterion rather than an afterthought.",expository,high,high,neutral,abstract,reflective,engineering
"In digital systems, many values must be stored in a limited number of bits. When a smooth value is rounded to the nearest step, the rounding error is not random; it can line up with patterns in the data and create visible bands in images or harsh tones in audio. One simple tool is dithering, which means adding a tiny, carefully chosen amount of noise before rounding. The noise spreads the error over many samples, so the error behaves more like random variation than a repeating pattern. After that, averaging or filtering can recover the main signal while the spread-out error becomes less noticeable. It seems strange to add noise when the goal is accuracy, yet in quantized computing, a little noise can produce cleaner results.",expository,low,low,neutral,abstract,plain,computing
"During last week’s rollout of a new feature flag service, I watched a healthy-looking Kubernetes dashboard hide a growing problem: tail latency on a single shard climbed from 40 ms to 900 ms, and then the API began timing out. The postmortem traces were painfully concrete: Envoy logs showed a burst of 504s, tcpdump captured repeated retransmissions, and node metrics revealed brief disk stalls that pushed the Raft quorum into frequent leader re-elections. Because our caches were keyed by a subtly different hash after the deploy, the hot path fell back to synchronous reads, amplifying every hiccup into a thundering herd of retries. It was a familiar lesson that abstractions fail under load, and that disciplined backoff, consistent hashing, and better alerting are not optional extras.",expository,high,high,negative,concrete,reflective,computing
"In a basic biology lab, students can watch how yeast makes carbon dioxide during fermentation. First, they pour warm water into a clear bottle, add a spoon of sugar, and stir until it dissolves. Then they sprinkle in dry yeast and stretch a balloon over the bottle’s mouth. Within minutes, tiny bubbles rise, and the balloon slowly lifts as gas collects. The class measures the balloon’s size every five minutes and writes the results in a table. When they compare bottles with more or less sugar, they see that the yeast produces gas faster with more food, up to a point. This simple setup makes cell metabolism visible and shows how living things release energy from sugars.",expository,low,high,positive,concrete,plain,life_sciences
"In trying to interpret single-cell RNA sequencing data, I keep running into the same discouraging pattern: the apparent “biology” shifts when I change normalization, adjust batch effects, or swap one latent variable model for another. The technical artifacts are not just additive noise; they interact with cell cycle state, mitochondrial stress, and library complexity in ways that masquerade as regulatory programs. Even careful differential expression tests can be misled by zero inflation and compositional constraints, so the p-values feel more like a property of the pipeline than of the tissue. What unsettled me most is a result that is nonetheless correct: in many datasets, the pattern of dropouts, which genes are missing rather than how strongly they appear, can carry more consistent information about cell identity than the measured counts themselves.",expository,high,low,negative,abstract,reflective,life_sciences
"In precision spectroscopy, the limiting factor is often not the quantum model but the error budget that accumulates around it. A nominally simple fit of line centers becomes ill-conditioned when the instrument function is only partially characterized, the baseline is correlated with weak absorption features, and temperature gradients introduce nonstationary Doppler broadening. When these effects are treated as independent Gaussian noise, the posterior for key parameters can look deceptively tight while the residuals retain structured autocorrelation. The result is that repeated runs disagree beyond the stated uncertainties, forcing time-consuming reanalysis and undermining confidence in derived constants. Practically, the remedy is unglamorous: explicit hierarchical modeling of systematics, frequent calibration against reference standards, and conservative uncertainty propagation that acknowledges parameter degeneracy rather than hiding it.",expository,high,high,negative,abstract,plain,physical_sciences
"I built a tiny spectroscope from a cereal box, a slit cut with tape, and a scrap of an old DVD. When I pointed it at different light sources in my room, the colors spread into bands like a rainbow. Sunlight through the window made a smooth strip of colors, and I could slowly move the box and watch the order stay the same. A desk lamp showed a warmer mix, with more red and less blue. The best part came when I tried a “white” LED bulb. Instead of a smooth rainbow, it broke into a few bright chunks with dark gaps between them. It reminded me that many LEDs make white by mixing only a couple of colors, which is why some objects look slightly off under them.",expository,low,low,positive,concrete,reflective,physical_sciences
"Mei arrived at the wind-tunnel lab before the morning run and checked the aluminum sting that held the scale model. A hairline shift in the mounting plate had appeared in last week’s strain data, so she loosened the M6 bolts, reseated the dowel pins, and torqued everything to spec. She then rebalanced the Wheatstone bridge on the six-axis load cell and logged a fresh shunt calibration, watching the offset settle within a few microvolts. On her laptop, the finite element model of the sting updated with a refined mesh around the fillet, and the predicted bending strain aligned with the new zeroed baseline. When the tunnel ramped to 35 m/s, the PID controller held speed within 0.2%, and the filtered force trace followed the expected lift curve without the earlier drift.",narrative,high,high,neutral,concrete,plain,engineering
"Mina sat in the server room watching a Kubernetes job restart for the ninth time, each failure stamped with a different stack trace, from a NaN in a CUDA kernel to a segfault inside a perfectly deterministic unit test. She pulled coredumps, checked container images, pinned library versions, and even swapped the NVMe drive, yet the crash migrated between pods as if the bug were load balanced. A colleague suggested enabling ECC counters on the GPUs, so Mina queried nvidia-smi and saw a single corrected memory error on the node that had hosted three of the failures. She reran the workload with strict checksum validation and watched one tensor differ by one bit after an otherwise identical DMA transfer. The incident report ended up blaming a cosmic-ray single-event upset, not her code.",narrative,high,low,negative,concrete,plain,computing
"Maya was testing how salt levels affect yeast growth, but her results kept shifting from day to day. She used the same numbers in her notes, yet the curve on her graph never matched the last trial. In class, her teacher asked if she had a control group and if she had measured time the same way each run. Maya realized she had changed the start point without noticing, because she sometimes began timing after stirring and sometimes before. She also forgot to record the room temperature, which can change how fast cells work. The mistake made her feel stuck, since her conclusion was not trustworthy. She decided to restart the experiment with one clear timing rule and a simple control, so the next data set would be consistent.",narrative,low,high,negative,abstract,plain,life_sciences
"During my second year in systems biology, I kept revisiting a puzzling dataset on circadian transcription, certain that the oscillations were not just noise but a dynamical signature. I rebuilt the gene regulatory network as a set of coupled stochastic differential equations, then replaced my usual Hill-function assumptions with a delay term to represent transcriptional elongation and nuclear export. When the posterior predictive checks finally aligned with the phase shifts across temperature conditions, I realized the model was teaching me how robustness can emerge from slow negative feedback rather than from strong repression. Writing the results into a concise causal diagram felt like translating a private intuition into something other people could test. The next day, my advisor nodded and suggested a clean perturbation experiment, and the path forward seemed clear.",narrative,high,high,positive,abstract,reflective,life_sciences
"In the dark lab, I set the laser on the rail and tried to line it up with the slit. The red dot kept sliding off the screen, and the pattern that should have been bright and clear looked like a fuzzy smudge. I checked the power, wiped the lens with a tissue, and tightened the small screws, but nothing stayed straight for long. My notebook page filled with crossed out numbers, and the clock over the door seemed louder each minute. I realized I had rushed the setup because I wanted quick data, and the optics punished that. Before leaving, I marked the rails with tape, shut off the laser, and wrote a simple plan to start over slowly tomorrow and ask the lab assistant to watch my alignment.",narrative,low,high,negative,concrete,reflective,physical_sciences
"Computers follow instructions exactly, so a program works best when its steps are clear and consistent. One helpful idea is an algorithm, which is simply a plan for solving a problem in a limited number of steps. When you write an algorithm, you can check it with small examples, then translate it into code. If the result is wrong, debugging is the process of finding the exact step where the plan or the code breaks. Many beginners improve quickly by adding print statements or using a debugger to watch values change. This careful checking turns mistakes into information, and each fix makes the program more reliable. Over time, you start to predict common errors, like off by one loops, and you design cleaner solutions.",expository,low,high,positive,abstract,plain,computing
"In a single-cell RNA sequencing workflow, the most visible steps are barcode beads, reverse transcription, and deep sequencing, but the dominant source of error can be earlier and more physical. When dissociated mouse spleen cells sit on ice for 25 minutes while the microfluidic chip is primed, stress-response transcripts such as Fos and Jun rise, shifting clusters in downstream UMAP embeddings even if read depth is unchanged. Likewise, a thin film of RNase-contaminated condensation on a tube cap can increase ambient RNA, inflating mitochondrial fractions and triggering overzealous quality filtering. These effects are measurable by adding ERCC spike-ins and tracking cell-free droplets, yet they are often mistaken for biology. Counterintuitively, allocating time to rapid loading and dry, pre-chilled plasticware can improve cell-type separation more than buying a higher-output sequencer.",expository,high,low,neutral,concrete,plain,life_sciences
"Maya stood at the workbench in the school lab and turned the small motor in her hand, watching the wires twist like tiny vines. Her first cardboard bridge had sagged last week, so today she decided to test every piece before she glued anything. She measured the balsa strips, sanded rough edges, and marked where the load would sit. When she clipped the bridge into the simple force tester, the scale barely moved at first, and that calm reading told her the joints were finally tight. She added a few triangular braces, then tested again. The bridge held more weight than her goal. Walking home, she kept thinking about how planning and careful checks can feel slow, but they quietly make the whole design stronger.",narrative,low,high,positive,concrete,reflective,engineering
"In my third week tuning a federated learning pipeline, I finally stopped treating differential privacy as a tax I had to pay. I rewrote the optimizer to use per-client gradient clipping with a tight L2 norm and calibrated Gaussian noise via Rényi accounting, expecting the validation curve to sag. Instead, the model’s test error dropped, even while the privacy budget epsilon shrank, and the only change was that noisy, clipped updates prevented a few dominant clients from steering the global minimum into a brittle basin. Watching the convergence traces, I realized the privacy mechanism was acting like a principled regularizer, closer to stochastic smoothing than sabotage. The surprise was not mystical: the same randomness that hides individuals can also improve generalization when the data are heterogeneous. I left the lab thinking about guarantees as design tools, not constraints.",narrative,high,low,positive,abstract,reflective,computing
"In my biology class, I was told to use sterile water to rinse a pipette before testing pond samples. I grabbed a squeeze bottle marked “sterile” and put a few drops on a plain agar plate, just to practice the steps. The plate went into the warm incubator beside our real tests. The next morning, my pond plate looked normal, but the practice plate had several small, cream-colored colonies near the edge where the drops had run. I checked the bottle and noticed a crusty ring under the cap. Our teacher explained that sterile water can stop being sterile once the tip is touched and dried. I wrote that in my notebook and started treating labels as promises with conditions.",narrative,low,low,neutral,concrete,reflective,life_sciences
"Mina sat with her notebook after class, trying to make sense of why planets keep moving instead of falling straight into the Sun. She drew a simple circle, then a line that kept bending, and she remembered the teacher saying that gravity pulls inward while motion carries a planet forward. It sounded like two different ideas, but she noticed they fit together if she treated the orbit as a balance of changes, not a perfect path. She decided to write the story of one small object: if it moves fast enough, gravity turns its straight motion into a curve again and again. By the end of the page, her sketch matched the rule, and she closed the notebook knowing what to review next.",narrative,low,high,neutral,abstract,reflective,physical_sciences
"Mira watched the staging cluster replay last night’s outage in a deterministic container snapshot, stepping through traces from the API gateway to the Raft-backed metadata service. The p99 latency spike correlated with a burst of leader elections, and the log showed repeated term increments without committed entries, suggesting that the new gRPC keepalive settings were triggering false timeouts under packet reordering. She compared tcpdump captures against the kernel’s fq_codel queue statistics, then adjusted the client-side deadline, heartbeat interval, and maximum in-flight AppendEntries to reduce contention. After rebuilding the service with the revised configuration and a small backoff jitter, she reran the chaos test that injects 1% loss and 50 ms jitter. The election rate dropped, the commit index advanced steadily, and the load test returned to baseline throughput.",narrative,high,high,neutral,concrete,plain,computing
"During qualification of a welded aluminum bracket for a small drone frame, the lab followed ASTM E466 fatigue procedures with a servo-hydraulic load frame, clip-on extensometer, and rosette strain gauges bonded near the toe of the weld. The finite element model predicted a stress concentration factor of 2.8, but the first specimens failed at half the target life. Post-test dye penetrant inspection showed toe cracks that had likely initiated from undercut and residual tensile stress, which the simplified model treated poorly. Attempts to reconcile data stalled when the extensometer calibration drifted and the strain gauge adhesive debonded after a humid weekend, forcing repeated setups and consuming the limited stock of machined coupons. With the schedule tightening, the only defensible path is to revise the weld procedure, update the model with measured residual stress, and restart the test series.",expository,high,high,negative,concrete,plain,engineering
"In our physics lab, I pressed my palm on a metal block and then on a wooden block that had been sitting on the same bench all morning. The metal felt cold, and I worried the heater under the table was broken because the room also felt chilly. Our instructor had us tape tiny thermometers to both blocks and wait. The readings stayed the same, about 22 degrees Celsius, even though my hand kept telling me otherwise. The difference was not the temperature but the speed of heat flow. Metal pulls heat out of skin quickly because it conducts heat well, while wood does it slowly. After a few minutes, the metal felt less cold as my skin cooled, and the numbers still did not change, which was the surprising part.",expository,low,low,negative,concrete,plain,physical_sciences
"Building a small computer program can feel clear when you break it into steps. A student opens a laptop, starts a code editor, and creates a folder for a weather app. First, they write a short function that asks a public website for today’s forecast, then they print the result on the screen. When the program shows an error, they read the message, check the line number, and fix a missing bracket. They run it again and see the temperature appear, so they add a simple button to refresh the data. They save their work with version control so they can undo changes later. By the end, the app is not fancy, but it works reliably and shows how careful testing improves software.",expository,low,high,positive,concrete,plain,computing
"In computing, small mistakes can cause large problems because computers follow instructions exactly. A single wrong symbol in code can make a program crash, and the error message may not clearly point to the true cause. When this happens, a developer has to test ideas one by one, which can be slow and tiring. Even if the program runs, hidden bugs can still give wrong results, especially when data is missing or inputs are unexpected. Security adds another layer of worry, since a weak password rule or careless data handling can expose private information. Over time, careful habits like writing simple functions, checking assumptions, and using version control help reduce these risks, but the work still demands steady attention.",expository,low,high,negative,abstract,plain,computing
"In a basic microbiology lab, bacteria are grown on agar plates so students can see how fast they multiply. Each plate should be labeled, kept closed, and stored upside down, because water drops can fall onto the gel and spread cells. When a plate is opened for too long, dust and skin microbes can land on it, and then the results become hard to read. This week several groups saw fuzzy patches and many different colony shapes, which usually means contamination rather than the intended strain. The instructor explained how to flame a loop, work near a clean bench, and change gloves after touching a phone. Even with careful counting, the mixed growth makes the data unreliable, so the class has to repeat the experiment.",expository,low,high,negative,concrete,plain,life_sciences
"When Lina finally stopped treating the interferometer output as a set of “bad” fringes and instead as a noisy posterior over phase, her whole week in the lab reassembled into a coherent story. She rewrote her analysis with a hierarchical Bayesian model that separated laser frequency drift, thermal expansion, and shot noise, then marginalized over the nuisance parameters rather than trying to subtract them point by point. The data did not become prettier, but the uncertainty became honest, and the inferred refractive index curve aligned with the dispersion relation she had derived from first principles. By the end of the day she could explain, without handwaving, why her earlier least squares fit was overconfident: it had implicitly assumed independent errors. The result was not dramatic, just solid, and it felt like real progress.",narrative,high,high,positive,abstract,reflective,physical_sciences
