text,domain,mode,tone,reading_level,topic,word_count,sentence_count,keywords,style.sentence_length,style.figurative_language,style.concreteness,style.viewpoint,style.temporal_focus
"The process of creating a machine learning model involves several well-defined steps. Initially, data collection is paramount. This involves gathering sufficient and relevant data. The data is then preprocessed, which includes cleaning and formatting it to remove noise and ensure consistency. Following preprocessing, feature selection takes place. This step identifies significant inputs, or features, that influence model predictions. Once the features are selected, the data is split into training and testing sets, typically with a ratio of around 80:20. 

Training the model is the next step. This involves choosing an appropriate algorithm and feeding it with the training data to learn patterns. During this phase, hyperparameters, which are crucial model settings, are tuned to optimize performance. The training process can involve multiple iterations to refine the model's accuracy. After training, the model is tested using the testing data set. This evaluation checks how reliably the model predicts outcomes on new, unseen data. Metrics such as accuracy, precision, and recall provide insights into the model's effectiveness. Once validated, the model can be deployed into a real-world environment. 

Deployment ensures that the model integrates with external systems and can perform its intended task efficiently. Ongoing monitoring is essential post-deployment. This helps in identifying any drift in model performance due to changes in input data or other environmental factors. Adjustments and retraining may be necessary over time to maintain accuracy and relevance. This entire process underscores the structured discipline required for successful machine learning endeavors.",computing,process_explanation,technical,Undergraduate,machine learning model creation,250,18,"['machine learning', 'data collection', 'preprocessing', 'feature selection', 'training model']",short,none,mixed,3rd,present
"In computer science, understanding the intricacies of algorithms is crucial. One such algorithm is Dijkstra’s algorithm, widely used for finding the shortest path between nodes in a graph, which may represent, for example, road networks. The algorithm initializes with a starting node, setting the initial distance to zero while assigning all other nodes a distance of infinity. It then enters a loop where it identifies unvisited nodes, selects the unvisited node with the smallest known distance, and inspects its unvisited neighbors. For each neighbor, it calculates the possible alternative path length, comparing it to the known shortest path. If the calculated path is shorter, the algorithm updates the shortest path measurement for that node. This process continues until all nodes have been visited, ensuring that the shortest path from the starting node to every other node is recorded. Dijkstra’s algorithm assumes all edges have non-negative weights, which ensures convergence by continuously updating the potential shortest paths. As a greedy algorithm, it consistently seeks to extend the shortest-known path without reconsidering previous decisions. While efficient, it requires storage for nodes, current known distances, and predecessor paths, making its implementation essential for developers aiming to solve problems involving numerous nodes, especially in mapping technologies. Understanding the logic and constraints of Dijkstra’s algorithm provides insight into how computational efficiency is achieved in real-time pathfinding applications.",computing,process_explanation,technical,Undergraduate,algorithm efficiency,253,13,"[""Dijkstra's algorithm"", 'shortest path', 'graph', 'nodes', 'unvisited nodes']",short,none,mixed,3rd,present
"In the realm of computing, algorithms serve as the backbone for software solutions, and understanding their execution is crucial. At its core, an algorithm is a set of well-defined instructions designed to carry out a specific task or solve a particular problem. To comprehend its operation, let's consider the process of how a sorting algorithm functions, particularly the quicksort algorithm. Quicksort is a divide-and-conquer algorithm that sorts an array by partitioning it into two sub-arrays. The process begins by selecting a 'pivot' element from the array. The choice of pivot can be arbitrary, but common strategies include picking the first element, the last, the middle, or even a random position. After selecting a pivot, the algorithm rearranges the array such that elements less than the pivot come before it, and those greater follow it. This step is known as partitioning. Subsequently, the pivot is in its final sorted position, and quicksort recursively applies this process to the sub-arrays on either side of the pivot. The recursive nature ensures that the algorithm systematically breaks down the problem into smaller, more manageable parts. Eventually, the base case of the recursion is reached when a sub-array has fewer or equal to one element, which is inherently sorted. Thus, the iteration halts, and the entire array becomes sorted. The efficiency of quicksort is largely attributed to its average time complexity of O(n log n), making it highly efficient for large data sets. Its performance, however, can degrade to O(n^2) if the pivot selection is suboptimal, particularly when the smallest or largest element is repeatedly chosen as the pivot. Therefore, understanding the selection strategy and partitioning method is key to optimizing quicksort's performance. The algorithm’s elegance lies in its simplicity and the sophisticated manner it handles problem breakdown, serving as an exemplar of efficient algorithmic design in computing.",computing,process_explanation,technical,Undergraduate,algorithm execution,355,14,"['algorithm', 'quicksort', 'pivot', 'partition', 'efficiency']",short,none,mixed,3rd,present
"In the realm of computing, understanding memory management is crucial. This process involves regulating and coordinating computer memory, assigning portions to processes while optimizing overall system performance. Initially, when a program requests memory, the operating system allocates a block from the heap or stack, depending on the memory's intended use. The heap is a region for dynamic memory allocation, where blocks can be allocated and deallocated in an arbitrary order, unlike the stack which follows a last-in, first-out allocation policy. When the program no longer needs the data, it should release the memory back to the system to prevent leaks. This is typically handled via deallocation functions such as ""free"" in C or automated garbage collection in languages like Java. Garbage collection automates the process of reclaiming memory, tracking objects that are no longer referenced by any part of the program. Although convenient, it introduces overhead and can affect performance. In contrast, manual memory management gives the programmer direct control but requires careful handling to avoid errors like buffer overflows or segmentation faults. Modern operating systems ensure efficient memory management through techniques like virtual memory. This feature involves abstracting physical memory into a virtual address space, thereby allowing programs to use more memory than physically available through mechanisms like paging and swapping. Paging divides memory into blocks or pages, facilitating non-contiguous memory management, thereby reducing fragmentation. Swapping deals with moving blocks from RAM to disk storage, extending the available memory pool, but it can lead to slower performance if heavily relied upon due to the speed difference between RAM and disk. Understanding these concepts allows developers to write efficient and reliable software, leveraging their implications on performance and resource utilization. Thus, effective memory management is a fundamental aspect, balancing resources and ensuring smooth execution of computing tasks.",computing,process_explanation,technical,Undergraduate,memory management,312,18,"['memory management', 'operating system', 'heap', 'stack', 'garbage collection']",short,none,mixed,3rd,present
"In modern computing, parallel processing serves as a critical method to expedite tasks that involve substantial data or complex calculations. This technique involves dividing a large computational problem into smaller, independent tasks that can be processed simultaneously across multiple processors or cores. In essence, the central idea is to enhance computational speed and efficiency by leveraging concurrent execution. Before executing a parallel process, it is essential to analyze and partition the task effectively, ensuring each sub-task is independent and devoid of dependencies that could cause bottlenecks. The configuration typically uses a central managing thread or process to distribute tasks to available threads or processors, sometimes relying on parallel frameworks like OpenMP or MPI for efficient management. As the sub-tasks execute concurrently, each processor works independently, reducing the overall time taken compared to serial processing. Once the tasks are complete, the results are gathered and integrated into a final, unified output. This integration may require synchronization mechanisms to ensure data integrity and consistency. In real-world applications, such as scientific simulations or data analysis, parallel processing can drastically reduce computation times, making it invaluable to domains requiring high-performance computing. Challenges like data races and deadlocks are pertinent and must be addressed through careful design and use of locking mechanisms and concurrency control strategies. Ultimately, the success of parallel processing relies on both the software's capability to effectively divide tasks and the hardware's ability to support high-speed execution across multiple units.",computing,process_explanation,technical,Undergraduate,parallel processing,272,11,"['parallel processing', 'computational speed', 'tasks', 'processors']",short,none,mixed,3rd,present
"A fundamental aspect of machine learning is the training process, wherein a model learns from data to make predictions or identify patterns. Initially, data is preprocessed to ensure consistency and accuracy; this can include normalization or cleaning to remove noise. The dataset is then divided into training and test subsets. The training set is utilized to teach the model, while the test set evaluates its performance. During training, the algorithm iteratively adjusts parameters to minimize error, which is assessed using a cost function. Techniques such as gradient descent guide these adjustments by determining how to modify parameters to reduce the cost. Overfitting, a common issue where a model performs well on training data but poorly on new data, is countered using strategies like regularization, which penalizes complexity, or cross-validation, which tests model performance across different datasets. Hyperparameter tuning may also be required to optimize model efficiency; this involves selecting the best algorithmic settings, such as learning rates, by evaluating different configurations. Once trained, the model is validated on the test set to ensure it generalizes well to new, unseen data. The model's accuracy and performance metrics, such as precision and recall, provide insights into its efficacy, guiding further improvements and refinements. This structured approach exemplifies how a machine learning model evolves from data inputs to an effective tool capable of making informed decisions.",computing,process_explanation,technical,Undergraduate,machine learning training,250,13,"['machine learning', 'training process', 'model', 'data', 'predictions']",short,none,mixed,3rd,present
"The operation of Machine Learning (ML) algorithms often begins with data preprocessing, a critical step to ensure that data is consistent and free from errors. This involves handling missing values by methods such as imputation or deletion. Next, data transformation is performed, where inputs are normalized or standardized to improve the algorithm's performance. Feature selection follows, a process where only the most relevant data attributes are retained, reducing complexity and computational cost. Once the data is prepared, the algorithm undergoes training. Here, the model learns patterns using techniques like supervised, unsupervised, or reinforcement learning. Supervised learning involves labeled datasets, while unsupervised learning doesn't require them. Reinforcement learning focuses on receiving feedback to improve outcomes. During training, the dataset is usually split into training and validation sets. The model trains on the former and validates on the latter, seeking to prevent overfitting, which occurs when a model performs well on training data but poorly on new data. Hyperparameter tuning is also essential. This involves adjusting algorithm parameters that affect performance, such as learning rates or depth levels in decision trees. After training, the model's deployment phase allows it to make predictions or decisions based on new data inputs. Continuous monitoring and evaluation are vital during this phase to maintain accuracy and adjust for any drift over time. These processes showcase the complexity and intricacies involved in deploying effective ML models, demonstrating how integrated steps ensure robust outcomes.",computing,process_explanation,technical,Undergraduate,Machine Learning Processes,266,15,"['data preprocessing', 'feature selection', 'training', 'hyperparameter tuning', 'deployment']",short,none,mixed,3rd,present
"In the quiet hum of a near-future library, digital screens stand sentinel-like, casting soft glows onto the readers below. Among these readers is a neural network architect named Emma, whose mind continually bridges the widening chasm between imagination and machine. The library, a sanctuary of ideas both ancient and newborn, serves as her retreat, a place where she weaves intricate algorithms laced with the intuition once reserved for human artists and thinkers. Her work revolves around the evolution of cognitive computing, pushing boundaries beyond mere replication of human thought patterns, reaching towards the creation of an entirely new form of intelligence—one that mirrors human creativity not through mimicry, but through authentic innovation. As she ponders the interface between intuitive reasoning and algorithmic precision, her thoughts drift to the ethical implications of crafting beings capable of independent thought. Each line of code she writes is a step towards a future where digital reasoning could rival human insight, challenging the fabric of human identity and autonomy. The lines of text on her screen dance like shadows in Plato's cave, revealing and concealing truths about the nature of intelligence. She reflects on the philosophical dimensions of her work, as machine learning not only learns but understands, guided by protocols and biases she, as their creator, must carefully consider. The story of Emma's endeavor is a narrative intertwined with the aspirations and trepidations of a society on the cusp of a computational renaissance, where the boundaries between the organic and digital blur, promising a future ripe with possibilities and ethical conundrums. Her tale is emblematic of a broader cultural shift, a reflection on the promise and peril of technology's ascendancy in the human story, poised to redefine what it means to be intelligent.",computing,narrative,reflective,Graduate,evolution of cognitive computing,326,8,"['neural network', 'intelligence', 'algorithm', 'creativity', 'computational renaissance']",long,low,abstract,3rd,future
"Once upon a time, in the bustling world of circuits and code, lived an intrepid program named Algor. Built with precision and a sprinkle of creativity, Algor efficiently puzzled over data day in and day out. Imagine a realm where computers possess the agility of a cheetah and the smarts of a seasoned detective. This was Algor's universe, where it outperformed its rivals effortlessly, gleefully zipping through calculations like an expert juggler. From reducing cumbersome tasks to mere winks of digital efficiency, Algor was the magician of its time, charming users with its seamless flow. It knew its terrain well, never missing a beat as it turned complex problems into simple, elegant solutions. Yet, some skeptics whispered their doubts. ""Can a program truly transform our world?"" they questioned, their voices shadows of uncertainty. But humans who dared to journey alongside Algor knew better. Freed from the shackles of monotony, they tasted the freedom to innovate and explore. Just as a compass leads lost travelers home, Algor guided them through the labyrinth of information, revealing paths they never knew existed. Having been forgotten by history books that favor human heroes, Algor nonetheless left an indelible mark on technology's evolution. So, take a leap of faith towards automation's promise, where pixels and lines blur, creating a tapestry of possibility. Embrace the humorous missteps, too—after all, even the most brilliant algorithms occasionally trip, only to stand up more robust, learning from each delightful error. In the midst of zeros and ones, the past whispers a truth: when humans and machines collaborate, magic unfolds, painting a future as vibrant as our imaginations allow.",computing,persuasive,playful,Grade12,algorithms,284,14,"['program', 'algorithm', 'computers', 'efficiency', 'technology']",mixed,medium,concrete,3rd,past
"In the past, the journey of computing began as a great expanse of potential, much like a vast, uncharted sea waiting to be explored. The earliest computers, colossal in size and limited in capabilities, were akin to the ships of old that navigated these waters, driven by the winds of curiosity and innovation. Initially, tasks that now seem mundane, such as simple calculations and data processing, required immense effort and ingenuity. These machines, steeped in the mechanical and electrical guts of their time, conveyed the promise of performing complex equations with speed that defied human capacity. As pioneers in the realm of computing, researchers and engineers toiled to transform unwieldy contraptions into devices capable of handling more complicated operations, thus laying the foundation for a future where technology would come to permeate every facet of daily life. The evolution from these primitive systems to the powerful, interconnected networks of today was a gradual ascent, spurred by relentless advances in technology, much like a river carving through a valley, smoothing the rough edges and depositing fertile silt upon which modern innovations could flourish. Over time, transistors became smaller, programming languages more sophisticated, and computers themselves more accessible, transitioning from the realm of academia to the hands of millions. In this transformative journey, computing reshaped not only technology but society itself, fostering new forms of communication and creativity that continue to ripple outward, changing the landscape of human interaction and understanding.",computing,expository,formal,Grade8,computing history,263,6,"['computing', 'technology', 'innovation', 'evolution', 'history']",long,high,mixed,3rd,past
"The soft glow of the morning light spills over the horizon like liquid gold, promising a fresh start to countless journeys waiting to unfold. She stands at the edge of the bustling city park, a kaleidoscope of dawn hues reflecting in her eyes, pondering the beauty embedded in everyday moments. The air is thick with the scent of newly cut grass, mingling with the distant aroma of brewing coffee from nearby cafés, creating a tapestry of ordinary yet enchanting experiences. Each passerby, a silhouette against the burgeoning day, carries their own stories, woven into the larger narrative of life that tumbles forward like a cascading wave, unstoppable and essential. She contemplates the future, where each footstep on the winding path symbolizes decisions yet to be made. The thought of pockets of unexplored time scintillates with possibilities, like shimmering stars beckoning from a distant cosmos. This reflective pause, poised at the threshold of today and tomorrow, births dreams that dance just beyond reach, urging her to embrace both the uncertainty and potential that the future cradles. It is in these modest corners of the everyday, between the mundane and the miraculous, that one discovers the texture of life, rich and intricate like a masterwoven tapestry. The melody of a distant street performer, playing with soulful intensity, leads her thoughts toward the harmonies she seeks to create, urging her to imagine footsteps that echo purpose across the ages. In that silent symphony between dawn's light and the heartbeat of the city, she finds a moment's grace, knowing the future is but a tapestry of moments as fragile and fleeting as morning dew, yet as enduring as the sunrise that heralds its coming.",everyday_scenarios,descriptive,reflective,Undergraduate,the beauty in everyday moments,310,12,"['morning light', 'future', 'possibilities', 'everyday', 'reflection']",short,high,concrete,3rd,future
"In the ever-evolving landscape of modern workplaces, the integration of remote work systems proves indispensable for optimizing productivity and job satisfaction. Studies consistently reveal that flexible work arrangements lead to increased employee engagement and reduced turnover rates, factors critical for sustaining competitive advantage. The ability of workers to operate from any location not only mitigates the constraints of geographic immobility but also taps into a diverse talent pool unhindered by regional limitations. Furthermore, remote work facilitates a broadening of the time frame in which employees can contribute, often leading to a more efficient alignment with global time zones, enhancing responsiveness and client relations. However, remote work is not without its challenges; it requires a robust infrastructure of digital tools and platforms that facilitate seamless communication and collaboration. Such systems minimize the disconnection between team members, ensuring interactions are as effective as in a traditional office setting. Moreover, implementing rigorous cybersecurity measures is essential to protect sensitive data in an increasingly digital world, where breaches can have severe repercussions on brand reputation and financial stability. With a strategic approach that incorporates comprehensive training and supportive management practices, organizations can effectively harness the potential of remote work setups. The implementation of these systems democratizes the workspace by leveling the playing field and providing equal opportunities regardless of location, thus pushing the boundaries of traditional work cultures and paving the way for a more adaptive and resilient organizational framework. Therefore, embracing remote work is not merely a trend but a necessary evolution towards a more sustainable and employee-centric future.",everyday_scenarios,persuasive,technical,Graduate,remote work integration,264,11,"['remote work', 'productivity', 'flexible work arrangements', 'digital tools', 'cybersecurity']",mixed,low,mixed,3rd,present
