domain,mode,tone,reading_level,title,paragraph,style.sentence_length,style.figurative_language,style.concreteness,style.viewpoint,style.temporal_focus
computing,narrative,plain,Grade8,The Stuck Computer,"One day, I sat at my computer, trying to finish my math homework. But, the cursor wouldn't move. Frustrated, I tapped random keys, hoping something would happen. Suddenly, the screen turned blue, displaying a confused little face. Panicked, I remembered my dad's advice to restart the computer. I took a deep breath and pressed the power button. The machine whirred, beeped, and then the familiar icons appeared. Relieved, I quickly saved my work, glad that I didn't lose everything. From then on, I always remembered to save frequently, just in case my computer decided to freeze again next time I had lots of work.",mixed,low,concrete,1st,past
computing,expository,formal,Grade12,Understanding AI Algorithms,"Artificial Intelligence algorithms operate as systems of dynamic rules that transform data into meaningful insights. These algorithms typically begin by learning patterns from large datasets, akin to how humans recognize familiar objects. An algorithm such as a neural network adapts over time, adjusting its parameters to improve performance. In practice, developers train AI models using known data until they can accurately predict or classify new inputs. A pivotal aspect of AI is the balance between learning general patterns and specific details, a challenge that developers continually address to enhance algorithm accuracy and efficiency. As AI progresses, these algorithms become integral to various applications, from healthcare diagnostics to financial forecasting.",long,none,abstract,3rd,present
computing,descriptive,technical,Undergraduate,The Architecture of a Computer,"A computer's architecture is a sophisticated interplay of components. Central to its operation is the CPU, which executes instructions with precision. Memory modules serve as a repository for data, facilitating quick access. Storage devices like SSDs and HDDs cater to data persistence needs, with SSDs offering faster retrieval times. Motherboards interconnect these elements, allowing coherent communication through buses and circuits. Additionally, power supplies ensure stable energy delivery, while cooling systems dissipate heat efficiently. External peripherals, such as keyboards and monitors, interface with internal components, extending functionality and usability. Collectively, these parts constitute a cohesive unit, underpinning diverse computing processes.",short,none,mixed,3rd,present
computing,process_explanation,reflective,Graduate,Evolution of Programming Languages,"The journey of programming languages reflects the quest for efficiency and abstraction. In the early days, languages like Assembly allowed intricate control over hardware, though they demanded extensive expertise. The development of higher-level languages, such as Fortran and COBOL, marked a significant shift, enabling broader accessibility while abstracting complex machine instructions. As computers evolved, so did the languages, with C and its derivatives introducing portability across systems. Object-oriented programming in languages like Java brought modularity, transforming code into reusable components. As the digital landscape burgeoned, dynamic languages, including Python and JavaScript, catered to rapidly changing demands, emphasizing ease of learning and application. Each phase in this evolution underscores a paradigm shift, reflecting technological advancements and human innovation.",mixed,medium,abstract,3rd,past
computing,persuasive,playful,Grade8,Why Code is Cool,"Imagine being a wizard, but instead of spells, you write code. Developing video games, creating websites, or making robots respond to your commands are in your grasp. Coding is like unlocking endless possibilities with just a few keystrokes. Isn't it remarkable to solve puzzles on a screen and watch your ideas come to life? Plus, coding is not just a skill; it's a superpower that opens doors to exciting careers. Whether you dream of building the next blockbuster game or crafting apps that simplify lives, learning to code is your magical ticket. So, grab your laptop, dive in, and become a digital sorcerer today!",mixed,high,concrete,2nd,present
computing,narrative,formal,Grade12,The Future of Quantum Computing,"In the not-so-distant future, quantum computing stands poised at the precipice of technological revolution, promising to redefine not merely the parameters of computational speed, but the very essence of what it means to compute. Unlike classical computers, which rely on bits, quantum machines utilize qubits, enabling them to simultaneously exist in multiple states. This facet provides the unprecedented ability to process vast quantities of data at unimaginable speeds. Researchers anticipate quantum computers solving complex problems, from cracking encryption algorithms to simulating molecular structures. However, challenges persist; stabilizing qubits and minimizing errors remain formidable hurdles. Yet, as innovations arise, the barrier diminishes, and quantum supremacy becomes an attainable reality, ushering an era rich with possibilities.",long,medium,abstract,3rd,future
computing,expository,technical,Undergraduate,Cryptography Essentials,"Cryptography ensures secure communication in the digital world. At its core, it transforms readable data into an unreadable format, safeguarding information from unauthorized access. Symmetric encryption uses a single key for both encryption and decryption, while asymmetric encryption employs a pair of keys: a public key for encryption and a private one for decryption. Hashing further secures data by converting it into a fixed-length string, ensuring integrity. Recent advancements include quantum cryptography, which leverages quantum mechanics to secure communication channels. As cyber threats evolve, cryptography continues to adapt, playing a crucial role in maintaining digital privacy and security.",short,none,abstract,3rd,present
computing,descriptive,conversational,Grade8,What Happens Inside Your PC,"Inside your PC, a world of tiny components buzzes with activity. The central processing unit, or CPU, is like the computer's brain, handling math and logic operations. Nearby, the motherboard holds everything together, ensuring all parts talk to each other. Memory chips act as your PC's short-term memory, temporarily holding data the CPU needs quickly. On the storage side, you have hard drives or SSDs, keeping your photos, documents, and games safe. The power supply keeps the entire system running smoothly by delivering necessary electricity. All these parts work in harmony, making sure you can watch videos, play games, and browse the web.",mixed,low,mixed,2nd,present
computing,process_explanation,plain,Grade12,Building a Simple Website,"Building a simple website involves a sequence of logical steps that anyone can follow with a bit of patience. Initially, I selected a reliable web hosting service where my website would reside. Next, I chose a domain name that was both catchy and representative of my content, ensuring it was available and then registering it. With the technical backbone in place, I explored various website builders that offered intuitive drag-and-drop features, making design a breeze. I then focused on creating engaging content, writing impactful headlines and inserting relevant images to captivate visitors. After previewing to ensure everything appeared as intended, I finally published my site for the world to see, articulating my ideas and sharing them globally.",long,none,concrete,1st,past
computing,persuasive,reflective,Undergraduate,Adopting Open Source Software,"Open source software not only embodies a philosophy of collaboration and transparency but also offers practical advantages for both individual users and large enterprises. Contrary to proprietary systems, open source allows users to inspect, modify, and enhance code, encouraging collective innovation and rapid problem-solving. Embracing open source can lead to cost savings, with reduced licensing fees and greater flexibility in customization. It fosters an inclusive community where knowledge and skills are shared freely, driving technological advancements. Moreover, security is continually bolstered as developers across the globe contribute to identifying and addressing vulnerabilities. As technology evolves, adopting open source software is more than a trend; it supports sustainable development and democratizes innovation, making it an appealing option for forward-thinking entities.",long,medium,abstract,3rd,present
computing,narrative,playful,Grade8,The Battle of the Gadgets,"Picture two gadgets battling in your living room! On one side, the shiny new tablet boasts its speed and vibrant graphics. On the other, the trusty old laptop showcases its reliable keyboard and robust tasks. Suddenly, they clash, uploading photos side by side. The tablet flaunts quick touch swipes, while the laptop counters with swift typing. Downloading music becomes the next challenge; the gadgets race to finish first. As the imaginary face-off wraps up, you realize each device has its charm. The tablet's portability and the laptop's sturdy performance make them both heroes, ready to assist you every day. Who won? That's up to you!",short,medium,concrete,2nd,present
computing,expository,reflective,Graduate,The Rise of Cloud Computing,"Cloud computing emerged as a pivotal transformation in the realm of information technology, gradually shaping modern business practices and individual usage. Before the cloud, traditional data storage and processing were heavily reliant on physical servers and in-house computers, which constrained flexibility and scalability. As internet speeds burgeoned and network infrastructures strengthened, the concept of remotely accessible services materialized, leading to the inception of cloud computing. This paradigm shift enabled businesses to store data, run applications, and manage resources with greater efficiency and reduced reliance on physical hardware. The cloud offered unparalleled advantages, such as scalability, cost-effectiveness, and accessibility, fostering innovation and collaboration across diverse sectors globally. Ultimately, cloud computing redefined the very essence of computing by decentralizing resources and services.",long,low,abstract,3rd,past
computing,descriptive,formal,Grade12,Data Centers: Pillars of the Digital World,"Data centers are enormous facilities housing an intricate mesh of computer servers and data storage systems. These centers are meticulously designed environments equipped with advanced cooling systems to maintain optimal operating temperatures. Redundant power supplies ensure uninterrupted functionality, safeguarding against outages. Each server within a data center connects via high-speed internet lines, establishing global communication pathways. Security is paramount, with strict access protocols and monitoring systems in place to protect sensitive data. Data centers epitomize the confluence of technology and infrastructure, supporting vital operations from streaming services to cloud storage, all while maintaining efficiency and sustainability. They are the unseen pillars sustaining our digital existence.",mixed,low,concrete,3rd,present
computing,process_explanation,conversational,Undergraduate,How Social Media Algorithms Work,"Ever wonder how social media seems to know exactly what you like? It all comes down to algorithms, those invisible gatekeepers of your feeds. When you interact with content, such as liking posts or clicking links, you leave behind digital breadcrumbs. Algorithms scoop up this trail, analyzing patterns and preferences. They weigh factors like engagement duration and frequency to prioritize what appears on your screen. This process unfolds rapidly, with each visit fine-tuning your personalized experience. Platforms invest in these algorithms, striving for accuracy to keep you engaged longer. So, while scrolling, know that behind the curtain, complex computations tailor what you see, aiming to captivate and inspire.",mixed,medium,mixed,2nd,present
computing,persuasive,technical,Graduate,The Necessity of Cybersecurity Advancements,"As digital ecosystems grow increasingly complex and interconnected, the necessity for advanced cybersecurity measures becomes paramount to protect sensitive information and ensure the integrity of critical systems. Cyber threats have evolved in sophistication, heralding an era where traditional security protocols prove inadequate against targeted attacks using machine learning and artificial intelligence. Continuous investment in innovative security strategies, such as adaptive authentication, real-time threat intelligence, and robust encryption techniques, is essential. Furthermore, fostering a culture of cybersecurity awareness across organizational levels empowers users to recognize and mitigate potential threats effectively. By prioritizing advancements in cybersecurity, organizations can safeguard valuable assets and maintain trust in an era defined by digital transformation.",long,none,mixed,3rd,future
computing,narrative,technical,Undergraduate,Developing an Algorithm,"Within the quiet hum of the computer lab, an engineering student embarks on developing a new algorithm. The task is to create a sorting function optimized for speed and efficiency. Initiating the process, the student first analyzes existing algorithms, evaluating their strengths and weaknesses. With each iteration of code, subtle improvements emerge, decreasing the complexity gradually. The final result is a hybrid model, amalgamating quicksort with elements of heapsort. Testing ensues with large datasets, and results confirm substantial gains in performance. This algorithm, though in the early stages, holds promise for more extensive applications, highlighting the potential of innovative computational thinking.",short,none,concrete,3rd,present
computing,expository,plain,Grade8,How Video Games are Made,"Video games start as ideas, taking shape with the help of a team. You have designers who sketch characters and maps, building the world you explore. Programmers sling code to make sure those characters move and follow the rules of the game. Artists draw vibrant backgrounds and sound engineers add effects, like footsteps or explosions. Testers, like secret game detectives, find bugs to fix before you play. Once everything is stitched together, the game is ready for release. Whether you're racing cars or exploring dungeons, countless pieces work in harmony to create the engaging virtual adventures you love.",short,low,mixed,2nd,present
computing,descriptive,reflective,Grade12,The Digital Footprint,"In the sprawling, interconnected web of the future, one's digital footprint will evolve into a complex tapestry of personal data and influence, painting a portrait visible to both corporate entities and global communities. Each online click, search query, and shared photograph contributes to this growing presence, forming a virtual reputation that mirrors one's online activities. Unlike footprints on a sandy beach, erased by the tide, digital traces persist, often indelible, shaped not just by user actions but by the perceptions of algorithms and others. As individuals become more aware of this footprint's extent, mindfulness will govern interactions, shaping a landscape where virtual identities wield significant power and consequence.",long,medium,abstract,3rd,future
computing,process_explanation,formal,Undergraduate,Deploying a Web Application,"Deploying a web application involves careful planning and execution. Initially, developers ensured code was robust and bug-free by conducting unit and integration testing. Following successful tests, the application was containerized using Docker, encapsulating dependencies and ensuring consistency across environments. After preparing the server infrastructure, including firewalls and load balancers for high availability, the development team used a CI/CD pipeline to automate deployments, enhancing reliability. Once live, developers monitored the application for performance issues, patches, and user feedback. With the application functioning smoothly online, users accessed it seamlessly, illustrating the meticulous orchestration required in bringing web applications to life.",short,none,concrete,3rd,past
computing,persuasive,plain,Grade8,Why Learn Computers,"In our tech-driven world, learning computers is like having a super tool for the future. Whether coding a robot, crafting cool websites, or just whipping up school reports, computer skills are everywhere. Knowing how to navigate software and understand programming can open exciting job opportunities and make those daily tasks easier. Plus, with technology constantly evolving, getting a head start now means you're already a step ahead. It's not just about playing games; it's about understanding how these games are made and how technology shapes our world. So, dive into computers and unleash endless possibilities with the click of a mouse!",mixed,low,concrete,2nd,present
computing,narrative,reflective,Undergraduate,My First Hackathon Experience,"Attending my first hackathon was like stepping into a whirlwind of innovation. Teams scattered around the room, laptops glowing, ideas whispered fervently in every corner. I ventured forth with trepidation, joining a group as a novice programmer. Our project—a web app designed to simplify online learning—seemed ambitious. As hours ticked by, the challenge grew, yet the excitement never waned. With each coding breakthrough, like decrypting a secret message, our spirits soared. Fatigue set in, shadows lengthening across our screens, yet the camaraderie kept us buoyant. By morning, our prototype was a reality, imperfect yet ours, culminating the event with a surge of collective pride and newfound confidence. This experience marked a pivotal step in my journey, unveiling the limitless scope of creation.",mixed,medium,mixed,1st,past
computing,expository,conversational,Graduate,Challenges in Big Data Analytics,"Big data analytics presents an array of challenges that span technical, ethical, and practical domains, each requiring attention for effective data interpretation and utilization. Technically, the sheer volume, variety, and velocity of data necessitate innovations in storage and processing technologies. Ethically, concerns regarding privacy and data governance demand stringent regulatory frameworks to protect individual rights. Practically, companies face the hurdle of recruiting skilled data scientists capable of extracting actionable insights from vast datasets. Organizations must therefore invest in robust infrastructure, cultivate a culture of ethical data handling, and continually adapt to rapid technological advances. As big data analytics evolves, addressing these challenges ensures its potential is harnessed responsibly, benefiting industries and society at large.",long,none,abstract,3rd,present
computing,descriptive,technical,Undergraduate,The Anatomy of a Network,"A computer network consists of interconnected nodes facilitating communication and data sharing. Central to this architecture is the router, directing data packets between devices. Switches link multiple network devices, optimizing data flow efficiently. Within each node, network interface cards (NICs) manage the hardware components, enabling connectivity. Protocols, such as TCP/IP, establish rules for data transmission, ensuring accuracy and reliability. Firewalls act as security barriers, controlling incoming and outgoing data. Together, these components form a cohesive structure, allowing seamless interaction and collaboration across computers. The network's complexity scales with its size, necessitating comprehensive management and monitoring systems to maintain seamless operation.",mixed,none,concrete,3rd,present
computing,process_explanation,technical,Graduate,Implementing Blockchain Technology,"Implementing blockchain technology involves constructing a decentralized, secure, and transparent system that serves as a ledger for digital transactions. Initially, a consensus algorithm, such as Proof of Work or Proof of Stake, is established to enable verifiable transactions. Developers must then create a peer-to-peer network, ensuring each participant has access to the distributed ledger for data consistency. Smart contracts are programmed into the system, allowing automation and enforcement of agreements without intermediary intervention. As the blockchain evolves, scalability solutions like sharding or layer-two protocols address expansion challenges. Ensuring data privacy within this transparent environment involves complex cryptographic techniques, maintaining security while preventing unauthorized access. With each developmental phase, blockchain continually revolutionizes fields from finance to supply chain management, evolving into a technological cornerstone of modern innovation.",long,none,abstract,3rd,future
computing,persuasive,conversational,Grade12,Switch to Renewable Energy in Tech,"Switching to renewable energy in tech is a game-changer, reducing carbon footprints and safeguarding the planet. Imagine your favorite data center powered by wind or solar, creating a healthier environment. Embracing renewables cuts costs in the long run while boosting sustainability. Plus, it enhances a company's reputation as an eco-friendly leader. Tech giants are already making strides, and you can be part of this positive change. Encourage your favorite brands to adopt green energy, and watch the impact ripple across the globe. Simplify echoing this trend by seeking out companies committed to renewable transformations. Together, we can shape a cleaner, greener future today!",short,medium,concrete,2nd,present
computing,narrative,plain,Grade8,Your First Robot,"Imagine the excitement of building your own robot! Next year, you'll start a project at school, creating a small robot that follows light. It sounds tricky, but you'll learn so much along the way. You'll connect wires, plug in batteries, and program its tiny brain to obey commands. Watching the robot roll forward, tracing flashes of light, will feel like magic. You'll face challenges, maybe a stubborn wire or a confused circuit, but every solved problem will be a step closer to success. By the end, you'll have your own clever machine, teaching you skills beyond the classroom and sparking a curiosity that leads to more incredible projects.",mixed,none,concrete,2nd,future
computing,expository,technical,Undergraduate,Machine Learning Basics,"Machine learning involves enabling computers to learn from data without explicit programming. At its core, it utilizes algorithms to identify patterns within datasets, improving predictions over time. Supervised learning, one method, uses labeled data to train models, while unsupervised learning seeks hidden structures in data without predefined labels. Reinforcement learning involves agents learning optimal actions through trial and error. Key components include datasets, which provide the information, and models that process it. Training these models requires computational power and iterative tuning. Machine learning is pivotal in fields like healthcare and finance, powering innovations and reshaping industries through data-driven insights.",short,none,abstract,3rd,present
computing,descriptive,playful,Graduate,The Mind of a Bot,"Imagine the whimsical symphony that hums within the mind of a bot, a processor sparking with digital fireflies orchestrating tasks in a synchronized ballet of computation and logic. These bots traverse virtual landscapes, darting with the agility of a squirrel, fetching data with relentless efficiency. Each bot, a maestro in its digital opera, operates within strict protocols, yet dances freely to the rhythms of algorithms. As queries cascade through cyberspace, the bot processes them with precision, akin to a seasoned librarian navigating endless tomes to find just the right reference. Despite existing only in binary landscapes, bots possess a curious charm, bridging the human world and digital realms through threads of ones and zeroes, whispering secrets of the web.",long,high,concrete,3rd,present
computing,process_explanation,reflective,Grade12,Programming a Basic Game,"Programming a basic game was both a challenge and a revelation. It began with sketching out ideas, drawing a rough roadmap of how players would navigate my digital world. As I started coding, the game's framework slowly emerged, blocks of code stacking like Lego bricks to form logic and interactions. Along the way, debugging became a rite of passage, each fix a small triumph. Graphics and sound breathed life into the abstract code, turning simple animations into engaging gameplay. By testing, I refined elements, each iteration enhancing the experience. Completing the project was not only about finishing a game but also understanding the intricate dance between creativity and technology.",mixed,low,mixed,1st,past
computing,persuasive,formal,Undergraduate,The Imperative of Big Data in Decision Making,"The integration of big data into decision-making processes has become an imperative for organizations striving to maintain a competitive edge in an increasingly complex business landscape. Leveraging vast volumes of structured and unstructured data enables managers to derive actionable insights, thereby enhancing strategic planning and operational efficiency. As access to real-time analytics becomes prevalent, organizations can quickly respond to market changes, optimize resources, and personalize consumer experiences. Moreover, the proliferation of machine learning and artificial intelligence technologies enhances the ability to predict trends, minimize risks, and uncover opportunities previously obscured by data silos. Embracing big data is not merely advantageous but essential, transforming decision-making paradigms and shaping the successful enterprises of tomorrow.",long,low,abstract,3rd,future
computing,narrative,conversational,Graduate,Your Future Role in Digital Ethics,"In the future, you'll find yourself at the crossroads of technology and ethics, navigating a world where innovation and morality intersect. Imagine advising on AI development, ensuring algorithms respect privacy and fairness. As a specialist, your expertise will guide firms through the labyrinth of digital citizenship, advocating transparency and accountability in tech. You'll dissect case studies, where data decisions impact lives, and lead discussions on the implications of artificial intelligence in daily existence. Balancing profitability and ethical practices will be your challenge, asking you to craft frameworks that shape a responsible, inclusive digital society. Your role will be pivotal, fostering environments where technology serves humanity with integrity.",mixed,medium,abstract,2nd,future
computing,expository,plain,Grade8,Parts of a Smartwatch,"A smartwatch is like a tiny computer on your wrist, packed with features. The screen lets you tap and swipe, navigating through apps and messages. Inside, a processor acts as the brain, running tasks smoothly. Sensors track your movements, recording steps and heart rate. Connection-wise, Bluetooth or Wi-Fi keeps it synced with your phone. A battery provides power, needing regular charging to stay alive. The band can be swapped out, offering style options. Together, these parts make smartwatches useful and convenient, keeping you connected and informed with just a glance, whether you're checking the time or getting the latest news alert on the go.",mixed,low,concrete,3rd,present
computing,descriptive,conversational,Grade12,Exploring Virtual Reality,"Put on the VR headset, and suddenly, you're standing on a snowy mountaintop, wind swirling around you. Turn your head; the scene shifts with you, creating an immersive experience. These digital landscapes spring to life, detailed and vibrant, tricking your senses into believing the unreal. Controllers in hand, you can climb, run, or fly, depending on what the virtual world demands. It's a place where imagination meets reality, offering adventures at the flick of a switch. Each experience is unique, breaking boundaries and crafting memories that feel as vivid as those in the tangible world. So, dive in and explore!",short,medium,concrete,2nd,present
computing,process_explanation,formal,Undergraduate,Developing a Mobile App,"Developing a mobile app begins with defining its purpose and target audience, establishing a foundation for subsequent design and functionality decisions. The process involves designing a user-friendly interface, integrating intuitive navigation features, and ensuring responsive design across various devices. Programmers write and test code, focusing on the back-end services that support app functionality, such as data storage and user authentication. Iterative testing identifies and resolves bugs or usability issues, enhancing performance. Once developed, the app undergoes beta testing, gathering user feedback for final adjustments. The ultimate launch involves distribution through app stores, where effective marketing strategies increase visibility and user adoption, securing its place in a competitive market.",long,none,concrete,3rd,present
computing,persuasive,reflective,Graduate,The Ethical Design of AI Systems,"In the rapidly advancing domain of artificial intelligence, the ethical design of AI systems emerges as a critical component of future technological development. As AI increasingly influences decision-making, from healthcare to finance, ensuring ethical frameworks guide development becomes paramount. Prioritizing transparency and accountability, engineers must embed ethical standards within AI algorithms, preserving human dignity and fairness. Reflecting on past instances where unchecked AI led to bias or discrimination underscores the urgency of responsible innovation. Professional collaboration among technologists, ethicists, and policymakers will guide AI's ethical trajectory, forging a technological landscape where AI contributes positively to societal progress. Such efforts will shape AI systems into trusted partners, safeguarding public trust in these advancements.",mixed,medium,abstract,3rd,future
computing,narrative,technical,Graduate,Designing a New Protocol,"At the heart of the technological research lab, the team embarked on designing a new communication protocol aimed at enhancing data transmission efficiency over wireless networks. The project's genesis lay in addressing existing protocols' limitations, particularly regarding bandwidth utilization and latency. Detailed simulations were conducted to model diverse scenarios, incorporating variables like signal interference and network congestion. Through iterative testing and refinement, the team devised innovative error-correction techniques coupled with adaptive bandwidth allocation, pushing the protocol's performance boundaries. The endeavor culminated in a series of successful trials, marking a significant achievement in network communications. This pioneering protocol set a precedent for future developments, promising improved connectivity in increasingly data-dependent environments.",long,none,mixed,3rd,past
computing,expository,conversational,Grade12,How Computers Work,"Computers work by processing instructions. At the heart is the CPU, interpreting commands and calculations. Memory stores data temporarily for quick access, like a shorthand note. Inside, a network of circuits and transistors buzzes with activity, driving all functions. Hard drives save your files, similar to a digital filing cabinet. Operating systems manage tasks, ensuring programs run smoothly. Peripherals allow interaction, from typing on keyboards to clicking with mice. These elements create a seamless experience, transforming sequences of code into actions we see on the screen. Each part plays a role, making computers an integral part of everyday life.",short,low,mixed,1st,present
computing,descriptive,plain,Undergraduate,Inside a Graphics Card,"A graphics card, also known as a GPU, is designed to accelerate the rendering of images and videos. Nestled within its circuitry is a chip that executes computations rapidly, producing smooth graphical outputs. Memory, known as VRAM, stores image data, allowing instant access during rendering. The cooling system, typically a fan or liquid cooler, mitigates the heat produced by intense processing tasks. These components are mounted on a printed circuit board with output connections, ready to link with monitors. High-performance GPUs often feature multiple cards working collaboratively, enhancing computational power for gaming or professional applications, each element tailored to deliver optimal visual experiences.",mixed,none,concrete,3rd,present
computing,process_explanation,conversational,Grade8,Backing Up Your Files,"Backing up your files is an important, simple process to protect your data. Start by picking what needs saving, like photos and homework, gathering them in one place. Next, choose where you'll back them up. An external hard drive or a cloud service works well. Then, copy your files over by dragging and dropping them. For cloud services, upload them using the app. Double-check everything is there just in case. This way, if your computer breaks, your important stuff is safe. Regular backups keep all your memories and work secure, making sure you avoid losing anything important. Easy, right? Just a few clicks, and you're done!",short,low,concrete,2nd,present
computing,persuasive,technical,Graduate,The Role of Quantum Computing in Scientific Research,"Quantum computing is set to revolutionize scientific research, offering unprecedented computational power that can tackle complex problems beyond the reach of classical computers. Fields such as chemical simulations, cryptography, and optimization will benefit profoundly from quantum advancements, providing insights into molecular interactions, enhancing cryptographic security, and identifying optimal solutions more efficiently than ever before. As researchers develop quantum algorithms that exploit these new paradigms, institutions must invest in quantum infrastructure and talent, aligning with technological trends to remain at the forefront of innovation. Elevating quantum computing from theoretical concepts to practical applications will redefine the boundaries of scientific inquiry, shaping a future where impossible computations become achievable realities.",long,none,abstract,3rd,future
computing,narrative,playful,Grade12,Adventures in Code,"Tomorrow, I'll embark on a new adventure in code. Armed with determination and a laptop, I'll craft a tiny game where penguins dance across the icy tundra. My fingers will tap-dance on the keyboard, bringing quirky characters to life through bursts of colorful code. Each line will weave a tale of exploration and joy, pixels springing to action with each compile. As the virtual world expands, new challenges will arise, like coding puzzles waiting to be unraveled. With each solved bug, triumph will echo within me, sparking laughter. This journey promises fun and discovery, an exciting chapter in my ongoing saga with code.",short,medium,concrete,1st,future
computing,expository,technical,Graduate,The Integration of AI in Autonomous Vehicles,"The integration of artificial intelligence in autonomous vehicles constitutes a vanguard of modern transportation, poised to transform mobility paradigms. Future development hinges on advanced machine learning models capable of real-time environmental perception, decision-making, and adaptation. AI algorithms, employing computer vision and sensor data, will determine navigation strategies, obstacle avoidance, and user interactions, ensuring safe travel experiences. Collaboration between AI research and automotive engineering will refine system reliability and regulatory compliance, fortifying public trust. The continual evolution of neural networks and processing technologies promises enhanced vehicle intelligence, laying the groundwork for a transportation revolution. As AI in autonomous vehicles progresses, it heralds an era distinguished by efficiency, safety, and connectivity, redefining human mobility.",long,none,abstract,3rd,future
computing,descriptive,reflective,Undergraduate,The Ecosystem of Online Communities,"Delve into the ecosystem of online communities, a contemporary digital cauldron where diverse voices converge, converse, and collaborate. Each platform, a dynamic landscape, provides arenas for sharing interests, knowledge, and creativity. You engage by uploading videos, posting essays, or participating in discussions, contributing pearls to a vast virtual tapestry. Every interaction enriches the community, adding layers of complexity and fostering connections across borders. These interactions, while seemingly ephemeral, craft enduring digital legacies, echoing in the expansive halls of cyberspace. Reflect on your presence here, where participation shapes narratives and influences the ever-evolving dialogues of the digital age.",mixed,medium,abstract,2nd,present
computing,process_explanation,plain,Grade12,Starting a Coding Club,"Starting a coding club began as a simple idea and transformed into a vibrant community. Initially, it required defining a clear purpose: to unite students with a shared passion for programming. Building interest involved crafting appealing posters and using social media to spread the word. Needed permissions were secured from school administrators, and a meeting space was allocated. Regular meetings were established, focusing on various programming languages and projects. Inviting guest speakers enriched the experience, inspiring members with professional insights. This coding club, through dedication and shared enthusiasm, blossomed, creating a supportive environment for learning and innovation, impacting participants positively.",long,none,concrete,3rd,past
computing,persuasive,playful,Undergraduate,Embrace the Joy of Digital Storytelling,"Digital storytelling is your chance to become the maestro of imagination! Unleash creativity with just a computer, weaving tales that dance across screens worldwide. Whether crafting epic adventures or intimate vignettes, digital tools transform narratives into vibrant art. Platforms like blogs, videos, and podcasts offer limitless possibilities. Every flick of the cursor can paint a scene, each line of text a new thread in your sprawling tapestry. Engaging the global audience is as simple as hitting 'publish,' allowing your stories to soar into cyberspace. So, let your imagination run wild and embrace this digital stage, inviting creativity to take center stage and shine brilliantly!",mixed,medium,mixed,3rd,present
computing,narrative,reflective,Grade8,Silicon Valley Wonder,"Visiting Silicon Valley was like stepping into the future. Everywhere I turned, bustling tech campuses sprawled with energy. I wandered past robots tinkering in labs and bright screens showcasing cutting-edge inventions. Even the cafeterias buzzed with life, where conversations revolved around the latest apps and breakthroughs. Attending a workshop, I built a tiny circuit, feeling like a scientist. The air was electric, brimming with possibility, as if ideas floated visibly. Leaving, I realized this place wasn’t just about gadgets but dreams coming alive. It inspired me, reminding me that curiosity and innovation could shape tomorrow, making anything seem achievable.",short,medium,concrete,1st,past
computing,expository,formal,Undergraduate,Impact of Digitalization on Education,"The digitalization of education denotes a significant transformation in teaching methodologies, fundamentally altering the learning landscape across institutions. With the integration of technology, educators can facilitate interactive and personalized experiences, employing online platforms, digital textbooks, and virtual classrooms. E-learning has expanded educational access, enabling remote and flexible learning, which caters to diverse needs and schedules. Furthermore, data analytics tools provide insights into student progress, allowing tailored interventions and optimizing learning outcomes. Despite challenges such as digital divide and cybersecurity concerns, the shift towards digital education marks a progressive step, fostering an adaptive and inclusive educational ecosystem poised for future advancements.",mixed,none,abstract,3rd,present
computing,descriptive,technical,Graduate,The Mechanics Behind Simulations,"Beneath the surface of dynamic simulations lies a foundation of intricate mechanics, harnessing computational models to predict various scenarios with precision. At the heart of this process, numerical algorithms govern the behavior and interactions of data sets, allowing you to simulate everything from weather patterns to financial markets. Robust computing infrastructure, featuring parallel processors, manages high-performance computations, ensuring real-time results. Software solutions, equipped with graphical interfaces, interpret the simulation outcomes, transforming complex data into visually intuitive insights. As you engage with these simulations, the underlying mechanics, despite their complexity, seamlessly blend into cohesive systems that inform decisions, drive research, and advance technological understanding.",long,none,concrete,2nd,present
computing,process_explanation,technical,Undergraduate,Building a Data Pipeline,"Building a data pipeline involves several key steps to ensure efficient data flow. Initially, data sources are identified and connected using APIs. Next, data is ingested into a staging area for pre-processing, cleansing, and transformation. This cleansed data is then loaded into a data warehouse for analysis. Querying tools allow analysts access to insights, supporting business decisions. Monitoring systems ensure smooth pipeline operations and provide alerts for discrepancies. As data requirements evolve, pipelines require adjustments, incorporating new data sources or restructuring existing processes. This cyclical development ensures pipelines remain robust and relevant, supporting organizational data strategies effectively.",short,none,mixed,3rd,present
computing,persuasive,conversational,Grade12,The Role of Coding in Future Careers,"As we look towards the future, it's clear that coding will play an increasingly vital role in shaping not only the digital landscape but also the very fabric of career opportunities. Imagine stepping into a world where programming isn't just a specialized skill set but a fundamental aspect of various professions. Whether you're designing smart cities, developing new healthcare technologies, or crafting interactive entertainment, coding provides the bedrock for innovation and creativity. Learning to code offers a passport to a multitude of industries, allowing you to navigate and influence emerging technological trends. By embracing coding, we can unlock potentials, fuel job creation, and craft a future where technological literacy is universal, empowering us to creatively tackle the challenges of tomorrow.",long,low,concrete,1st,future
computing,narrative,plain,Undergraduate,Hackathon Journey,"Embarking on a hackathon adventure is both thrilling and daunting. You arrive, armed with a backpack full of gadgets and a mind buzzing with ideas. As you join a team, discussions take off, each member eager to contribute their expertise. The atmosphere teems with creativity as keyboards clatter and ideas merge into promising prototypes. Challenges arise, testing your problem-solving skills, but you push through with persistence. Midway, caffeine fuels the late-night coding marathons, and finally, your project takes shape. When presenting to judges, nervous energy mingles with pride. Regardless of the outcome, the experience forges new friendships and ignites a passion for innovation, making every moment worthwhile.",mixed,low,mixed,2nd,past
computing,expository,reflective,Graduate,Blockchain's Evolution and Influence,"Blockchain technology's evolution represents a significant shift in how digital information is shared and secured, fundamentally transforming industries and stimulating new innovations. Emerging initially to support cryptocurrencies like Bitcoin, blockchain's potential quickly transcended its origins, promising transparency and decentralization. Across various sectors, from supply chain management to digital identity verification, blockchain has infiltrated traditional processes, introducing revolutionary efficiencies and security enhancements. As organizations explored its capabilities, they confronted challenges concerning scalability and regulatory compliance, which spurred further research and development. Reflecting on blockchain's journey reveals a trajectory characterized by constant adaptation and integration with emerging technologies, fostering a rich tapestry of potentials that continuously shapes our digital future.",long,medium,abstract,3rd,past
computing,descriptive,conversational,Grade8,The Magic of Animation,"Creating an animation is like weaving magic on screen. I started by drawing colorful characters, each with its unique flair. Watching them come to life in a burst of movement felt like conducting a grand symphony. Every frame, carefully crafted, told a part of the story. Using software tools, I layered sounds and vibrant hues, turning simple sketches into captivating tales. The joy of seeing a character laugh or leap amazed me, as if pixels danced with a purpose. As credits rolled, pride swelled within me, realizing how animation speaks a universal language, one frame at a time, enchanting audiences all around.",mixed,medium,concrete,1st,past
computing,process_explanation,reflective,Graduate,Collaborating in Virtual Teams,"As global collaboration increasingly involves virtual teams, understanding the future dynamics of this model is essential for achieving synergy and productivity. Initially, setting clear objectives and adopting advanced communication tools, such as video conferencing and collaborative platforms, aids interaction. Teams must cultivate trust, an often elusive element in a virtual setting, by establishing transparent communication and accountability. Embracing cultural diversity enriches discussions and fosters creativity, while flexibility accommodates time zones and personal commitments. Reflections on evolving practices suggest that virtual teams gradually adapt, honing processes for efficiency and cohesion. Ensuring strong leadership styles tailored to the virtual environment can galvanize teams, ensuring goals are met and collaboration flourishes in an ever-connected world.",long,medium,mixed,3rd,future
computing,persuasive,plain,Undergraduate,Why Try Hackathons,"Hackathons are more than just intense coding events; they're unique opportunities packed with learning and fun. You dive headfirst into problem-solving with your peers, building teamwork and communication skills while creating awesome tech projects. Imagine meeting industry experts and learning from them firsthand, expanding your network and sharpening your abilities. These events let you test your knowledge, push your limits, and emerge with a sense of achievement. No matter your skill level, hackathons offer a supportive environment that nurtures growth and innovation. So, why not give it a shot? Unleash your potential and enjoy the thrill of coding with like-minded tech enthusiasts!",short,low,concrete,2nd,present
computing,narrative,technical,Grade12,The Quest for Optimizing Code,"In a quiet corner of the tech office, a young developer embarks on the intricate quest of optimizing code. The application, though functional, suffers from inefficiencies, demanding a deeper dive into its complexities. With each line of code reviewed, areas for enhancement surface, revealing opportunities for reducing execution time and resource consumption. Employing profiling tools, the developer identifies performance bottlenecks, systematically refining algorithms and data structures. Debugging sessions reveal elusive glitches, resolved with precision. As days pass, the application's responsiveness improves, a testament to meticulous engineering. This ongoing journey underscores the balance between creativity and logic, shaping robust, efficient software solutions.",mixed,low,mixed,3rd,present
computing,expository,playful,Grade8,The Wonders of 3D Printing,"3D printing is like magic at your fingertips, turning digital dreams into solid reality. Imagine conjuring objects layer by layer, transforming virtual blueprints into toys, tools, or even treats! The printer hums, its nozzle spinning tales of innovation one thread of plastic at a time. This technology empowers creative minds, allowing endless customization with just a flick and a click. From tiny trinkets to grand designs, the possibilities stretch as far as one’s imagination. New ideas spring forth, bounded only by the limits of curiosity. Step into this world where imagination takes shape, and watch your very own creations come alive!",mixed,high,concrete,3rd,present
computing,descriptive,formal,Graduate,The Development of Internet Protocols,"The development of internet protocols constituted a pivotal movement in establishing the modern digital communication landscape. As networks burgeoned during the late 20th century, the need for standardized communication protocols became imperative. The introduction of TCP/IP marked a revolutionary step, transforming disparate networks into a cohesive and interoperable system. By delineating clear rules for data packet transmission, these protocols facilitated consistent and reliable communication across global networks. Iterations and enhancements followed, addressing security, scalability, and efficiency, enabling robust internet growth. Analyzing this evolution reveals not only technological advancements but also collaborative innovation, laying the foundation for contemporary connectivity and the future expansion of the digital realm.",long,none,abstract,3rd,past
computing,process_explanation,plain,Grade12,Updating Software,"Updating software is a straightforward but crucial task to ensure security and functionality. Begin by checking for available updates through the settings menu or software management portal. Follow prompts to download and install updates, ensuring a stable internet connection for seamless completion. Updates often address security vulnerabilities, add new features, or improve performance. After installation, restarting the device may be required for changes to take effect. Regular updates keep systems running efficiently and securely, protecting against potential cyber threats. Scheduling automatic updates simplifies maintenance, ensuring that applications are always current without manual intervention. This practice supports optimal system reliability.",short,none,mixed,3rd,present
computing,persuasive,reflective,Graduate,The Human Element in AI Development,"In the unfolding narrative of artificial intelligence development, the human element remains an irreplaceable thread weaving together technological progress and ethical consciousness. As AI technologies continue to infiltrate various aspects of life, embedding human-centered values becomes imperative. Developers must ensure AI systems promote inclusivity, fairness, and transparency, reflecting societal norms and ethics through guided frameworks and multidisciplinary collaboration. Reflecting on historical technological advances underscores the necessity of incorporating lessons learned into the AI realm to prevent unintended consequences. Balancing innovation with moral responsibility empowers AI to not only enhance efficiencies but also enable equitable cultural evolution, nurturing a synergy between human intellect and machine capability as we approach an AI-integrated future.",mixed,medium,abstract,3rd,future
computing,narrative,formal,Undergraduate,The Launch of a New Software Platform,"In the hallowed halls of a bustling tech corporation, the anticipation was palpable as the team prepared for the launch of an innovative software platform designed to revolutionize industry practices. Months of relentless development converged into this pivotal moment, with engineers and developers collaboratively refining every facet to ensure seamless functionality. As the countdown concluded, the platform went live, transitioning from beta testing to broad implementation. Employees across departments experienced a palpable shift, the software enabling enhanced collaboration and resource management with unprecedented precision. The launch symbolized both an end and a beginning, heralding new avenues for exploration and demonstrating the power of collective ingenuity in the realm of digital technology.",long,low,abstract,3rd,past
computing,expository,technical,Graduate,Advancements in Edge Computing,"Edge computing represents a transformative advancement in processing data closer to its source, promising to revolutionize industries by minimizing latency and optimizing bandwidth usage. As the number of connected devices proliferates, centralized data centers face strain managing vast data volumes. By shifting processing tasks to the network's edge, edge computing enhances real-time applications and situational awareness. This advancement proves particularly beneficial in sectors like autonomous vehicles, healthcare, and smart cities, where immediate data processing is crucial. Evolving technologies like 5G complement edge computing by enabling higher data throughput and efficiency. As industries integrate edge computing, its capabilities are expected to foster innovation and improve system resilience, steering the digital landscape toward a decentralized future.",long,none,abstract,3rd,future
computing,descriptive,plain,Grade8,Exploring a Smart Home,"Walking into a smart home feels like stepping into the future. Lights turn on with a simple voice command, adjusting brightness to suit the mood. The thermostat keeps the temperature just right, learning preferences over time. In the kitchen, smart appliances make cooking easier, offering recipes and monitoring timers. Security cameras grant peace of mind, letting you check who's at the door. Music plays throughout the house, creating an atmosphere of comfort and ease. Every gadget connects seamlessly, turning daily tasks into effortless experiences. Living in a smart home combines technology and convenience, making life more enjoyable and efficient.",short,none,concrete,1st,present
computing,process_explanation,reflective,Undergraduate,Learning to Code,"Learning to code was a journey of discovery, marked by challenges and triumphs. As you began, the world of syntax and logic unfolded before you, initially appearing daunting. Guided by tutorials and peer advice, you persisted, overcoming obstacles one line of code at a time. Debugging, once formidable, became an exercise in patience and problem-solving, revealing the elegance of clean code. Gradually, confidence grew as beginner projects evolved into more complex creations. Reflecting on this path, you recognize coding as a language of possibilities, unlocking doors to innovation and creativity. Embracing this skill laid the groundwork for future adventures in the digital realm.",mixed,low,mixed,2nd,past
computing,persuasive,technical,Grade12,The Importance of Data Privacy,"Data privacy is a critical concern in today's digital landscape, safeguarding personal information from unauthorized access and misuse. Organizations must prioritize strong data protection policies, employing encryption and user authentication to secure sensitive information. As cyber threats continue to evolve, robust security measures are essential in preventing data breaches and preserving consumer trust. Companies should implement transparent privacy policies, educating users on data collection practices and allowing them control over their information. Advocating for legislative support can further reinforce privacy protections, harmonizing with technological advancements. By fostering a culture of privacy, organizations contribute to a secure digital ecosystem, safeguarding individual freedom and integrity.",mixed,none,concrete,3rd,present
computing,narrative,conversational,Graduate,The Next Tech Frontier,"Imagine standing on the brink of a new tech frontier, where innovation and imagination collide to shape unprecedented realities. In the years to come, you might find yourself in a world transformed by quantum computing, where calculations that once seemed impossible are executed in mere moments. The seamless integration of AI into daily life offers both marvels and challenges, demanding ethical frameworks to guide its evolution. As digital and physical worlds weave closer together, immersive experiences redefine entertainment, education, and interaction. Reflecting on these possibilities, your role as a creator, analyst, or ethicist becomes clear, contributing to the tapestry of this new age. Excitement mingles with caution, as together, we navigate the uncharted landscapes of tomorrow, advancing with purpose and vision.",long,medium,abstract,1st,future
computing,expository,plain,Grade8,How a Search Engine Works,"A search engine helps you find information quickly. When you type a query, it looks through a giant index of web pages. This index is like a library catalog but online. The search engine uses special formulas, called algorithms, to decide what results are most relevant. It considers factors like keywords and page freshness. Once these are ranked, you get a list of results sorted by importance. Clicking one takes you straight to that page. This process happens in seconds, making it easy to find what you need, whether it's news, facts, or entertainment, right at your fingertips anytime you want.",short,low,concrete,3rd,present
computing,descriptive,reflective,Grade12,The Evolving Landscape of Digital Creativity,"As the digital age continues to unfurl its intricate fabric, the landscape of digital creativity evolves into a vast tapestry characterized by innovative processes and boundless opportunities for expression. Futuristic tools embedded with artificial intelligence will assist artists in realizing their visions with unprecedented precision, enabling the exploration of aesthetic boundaries previously unattainable. Within this domain, each stroke, click, or frame becomes a testament to creative collaboration between human ingenuity and machine intelligence. The intersection of virtual reality and digital artistry presents new worlds where imagination becomes tangible, offering audiences immersive experiences that blur the lines between the creator and consumer. Reflecting on this evolution reveals a future where creativity knows no bounds, fostering a vibrant cultural renaissance in the digital realm.",long,medium,mixed,3rd,future
computing,process_explanation,formal,Graduate,Developing Cybersecurity Protocols,"The development of cybersecurity protocols involved meticulous steps, aiming to safeguard digital infrastructures from threats. Initially, the assessment phase identified potential vulnerabilities, employing risk analysis techniques to prioritize protection measures. Standardized procedures were crafted, encompassing encryption methodologies, access controls, and network security configurations. Emphasis was placed on implementing multi-factor authentication and conducting penetration testing to evaluate system robustness. Over time, protocols were adjusted based on technological advancements and shifting cyber threat landscapes, adopting adaptive threat intelligence solutions. Comprehensive training programs were devised to ensure user compliance and heighten awareness across organizations. These cybersecurity efforts illustrate a proactive approach essential for mitigating future risks and ensuring digital safety.",long,low,abstract,3rd,past
computing,persuasive,conversational,Undergraduate,Digital Detox Benefits,"Ready for a break from screens? Embrace the digital detox trend for a refreshing change of pace! Imagine stepping back to reconnect with nature, indulging in hobbies neglected amidst constant notifications. Less screen time can enhance focus, creativity, and mindfulness, offering a balance that revitalizes both mind and body. Without digital distractions, social interactions become richer, promoting deeper connections. This practice isn't about abandoning technology but finding harmony, ensuring mental space for reflection. Give it a try, and discover a world full of clarity and creativity, proving that sometimes, less really is more in our tech-driven lives.",short,medium,abstract,2nd,present
computing,narrative,playful,Graduate,Gazebo of Invention,"In a whimsical corner of my imagination, I find myself at the Gazebo of Invention, a place where code and creativity whirl in a kaleidoscope of possibility. Here, algorithms dance like fireflies, illuminating pathways to unheard-of innovations. I'm joined by fellow inventors, each a maestro of their craft, shaping mechanical symphonies that stretch the boundaries of what we know. As our ideas float, they merge, forming a vibrant tapestry of collaborative brilliance. In this enchanted haven, challenges transform into rousing puzzles, inviting us to explore intricate solutions. This is more than just a figment; it's a metaphorical blueprint for innovation, where playful minds weave the fabric of future technologies.",mixed,medium,abstract,1st,present
computing,expository,reflective,Graduate,The Interplay of Ethics and AI,"The interplay between ethics and artificial intelligence presents a profound discourse that fundamentally influences the trajectory of technological evolution. As AI systems gain autonomy, questions surrounding moral responsibility, transparency, and equity emerge as pivotal elements in guiding development. Reflecting on the implications of AI deployment across sectors such as healthcare, finance, and criminal justice calls for a conscientious approach to integration, ensuring these systems uphold human-centered values. Ethical frameworks, established through interdisciplinary collaboration, provide avenues to scrutinize AI's impact, fostering an environment where technological advancements benefit society without compromising ethical integrity. This reflexive dialogue is essential, allowing stakeholders to navigate the intricate balance between innovation and societal norms, crafting a harmonious future aligned with collective human aspirations.",long,none,abstract,3rd,present
computing,descriptive,technical,Undergraduate,The Structure of a Database,"A database is an organized collection of data. Its structure comprises tables, each holding records in rows and columns. Primary keys uniquely identify each record, ensuring data integrity. Foreign keys establish relationships between tables, representing connections. Queries retrieve data, executed via structured query language (SQL). Indexes speed up data retrieval, organizing fields for quick access. Users interact through interfaces, manipulating data stored within. Regular backups safeguard information, maintaining availability. Databases support various applications, transforming raw data into meaningful insights. Their structured design allows efficient data management across systems, enabling businesses to make informed decisions based on real-time information.",short,none,mixed,3rd,present
computing,process_explanation,plain,Grade8,How to Make a Blog,"Creating a blog is like starting your own online journal. You'll first pick a topic you're passionate about, like cooking or gaming. Then, choose a platform—lots of free options are out there. Once you've signed up, it's time to design your page, picking fonts and colors that reflect your style. Next comes writing your first post; share your thoughts, tips, or stories. Add some pictures to make it engaging. Finally, publish and share your blog with the world. Keep posting regularly to build your audience. Who knows? Your blog might become a favorite spot for many readers in the future! Whoa! You're blogging!",short,none,concrete,2nd,future
computing,persuasive,plain,Grade12,Digital Literacy Today,"In today's rapidly changing world, digital literacy has emerged as a crucial skill, akin to reading and writing. With technology weaving into every facet of life, understanding digital tools and platforms becomes essential for effective communication and information access. Whether navigating social media, researching online, or engaging in remote learning, digital literacy empowers individuals to make informed decisions, evaluate sources critically, and interact responsibly. Educators and policymakers must prioritize integrating digital literacy into curricula, ensuring future generations possess the skills required to thrive. Embracing digital literacy fosters a more connected, informed society, enhancing personal growth and professional opportunities for everyone involved.",mixed,low,mixed,3rd,present
